,Name,Manufacturer:,Cores:,Memory:,Processor:,Interconnect:,Linpack Performance (Rmax),Theoretical Peak (Rpeak),Nmax,HPCG [TFlop/s],Power Measurement Level:,Operating System:,Compiler:,Math Library:,MPI:,Power:,Nhalf
0,CP-PACS/2048,Hitachi/Tsukuba,"2,048",0 GB,HARP-1E  150MHz,Hyper crossbar,0.3682 TFlop/s,0.6144 TFlop/s,"103,680",False,False,HI-UX/MPP,False,False,False,False,"30,720"
1,Numerical Wind Tunnel,Fujitsu,167,0 GB,Fujitsu  105MHz,Full distributed crossbar,0.229 TFlop/s,0.28126 TFlop/s,"66,132",False,False,UXP/V,False,False,False,498.00 kW,"18,018"
2,SR2201/1024,Hitachi,"1,024",0 GB,HARP-1E  150MHz,Hyper crossbar,0.2324 TFlop/s,0.3072 TFlop/s,"155,520",False,False,HI-UX/MPP,False,False,False,False,"34,560"
3,XP/S140,Intel,"3,680",0 GB,Intel 80860  50MHz,2-D mesh (torus),0.1434 TFlop/s,0.184 TFlop/s,"55,700",False,False,OSF/1,False,False,False,False,"20,500"
4,XP/S-MP 150,Intel,"3,072",0 GB,Intel 80860  50MHz,2-D mesh (torus),0.1271 TFlop/s,0.154 TFlop/s,"86,000",False,False,OSF/1,False,False,False,False,"17,800"
5,XP/S-MP 125,Intel,"2,502",0 GB,Intel 80860  50MHz,2-D mesh (torus),0.1035 TFlop/s,0.1251 TFlop/s,False,False,False,OSF/1,False,False,False,False,False
6,T3D MC1024-8,Cray/HPE,"1,024",0 GB,EV4  149MHz,3-D Torus,0.1005 TFlop/s,0.1536 TFlop/s,"81,920",False,False,UNICOS,False,False,False,False,"10,224"
7,VPP500/80,Fujitsu,80,0 GB,Fujitsu  100MHz,Full distributed crossbar,0.109 TFlop/s,0.128 TFlop/s,"46,400",False,False,UXP/V,False,False,False,False,"11,030"
8,VPP700/56,Fujitsu,56,0 GB,Fujitsu  137MHz,Full distributed crossbar,0.11 TFlop/s,0.1232 TFlop/s,"109,200",False,False,UXP/V,False,False,False,False,"10,752"
9,VPP700/46,Fujitsu,46,0 GB,Fujitsu  137MHz,Full distributed crossbar,0.0943 TFlop/s,0.1012 TFlop/s,"100,280",False,False,UXP/V,False,False,False,False,"8,280"
10,T3E,Cray/HPE,256,0 GB,EV5  300MHz,3-D Torus,0.112 TFlop/s,0.1536 TFlop/s,"59,904",False,False,UNICOS,False,False,False,False,"8,832"
11,T3E,Cray/HPE,256,0 GB,EV5  300MHz,3-D Torus,0.112 TFlop/s,0.1536 TFlop/s,"59,904",False,False,UNICOS,False,False,False,False,"8,832"
12,T3E,Cray/HPE,256,0 GB,EV5  300MHz,3-D Torus,0.112 TFlop/s,0.1536 TFlop/s,"59,904",False,False,UNICOS,False,False,False,False,"8,832"
13,SP2/512,IBM,512,0 GB,POWER2  66MHz,,0.0884 TFlop/s,0.13619 TFlop/s,"73,500",False,False,AIX,False,False,False,False,"20,150"
14,SP2/512,IBM,512,0 GB,POWER2  66MHz,,0.0884 TFlop/s,0.13619 TFlop/s,"73,500",False,False,AIX,False,False,False,False,"20,150"
15,SP2/384,IBM,384,0 GB,POWER2  66MHz,,0.0663 TFlop/s,0.10214 TFlop/s,False,False,False,AIX,False,False,False,False,False
16,SX-4/32,NEC,32,0 GB,NEC  250MHz,Multi-stage crossbar,0.0617 TFlop/s,0.064 TFlop/s,"20,480",False,False,EWS-UX/V,False,False,False,False,"1,688"
17,SX-4/32,NEC,32,0 GB,NEC  250MHz,Multi-stage crossbar,0.0617 TFlop/s,0.064 TFlop/s,"20,480",False,False,EWS-UX/V,False,False,False,False,"1,688"
18,SX-4/32,NEC,32,0 GB,NEC  250MHz,Multi-stage crossbar,0.0617 TFlop/s,0.064 TFlop/s,"20,480",False,False,EWS-UX/V,False,False,False,False,"1,688"
19,SX-4/32,NEC,32,0 GB,NEC  250MHz,Multi-stage crossbar,0.0617 TFlop/s,0.064 TFlop/s,"20,480",False,False,EWS-UX/V,False,False,False,False,"1,688"
20,CM-5/1056,TMC,"1,056",0 GB,SuperSPARC I  32MHz,"Hypercube, tree",0.0597 TFlop/s,0.13517 TFlop/s,"52,224",False,False,CMOST,False,False,False,False,"24,064"
21,VPP500/42,Fujitsu,42,0 GB,Fujitsu  100MHz,Full distributed crossbar,0.0596 TFlop/s,0.0672 TFlop/s,False,False,False,UXP/V,False,False,False,False,False
22,VPP500/42,Fujitsu,42,0 GB,Fujitsu  100MHz,Full distributed crossbar,0.0596 TFlop/s,0.0672 TFlop/s,False,False,False,UXP/V,False,False,False,False,False
23,T3E,Cray/HPE,136,0 GB,EV5  300MHz,3-D Torus,0.0591 TFlop/s,0.0816 TFlop/s,False,False,False,UNICOS,False,False,False,False,False
24,CM-5/896,TMC,896,0 GB,SuperSPARC I  32MHz,"Hypercube, tree",0.0523 TFlop/s,0.1147 TFlop/s,False,False,False,CMOST,False,False,False,False,False
25,VPP500/40,Fujitsu,40,0 GB,Fujitsu  100MHz,Full distributed crossbar,0.0569 TFlop/s,0.064 TFlop/s,False,False,False,UXP/V,False,False,False,False,False
26,VPP500/40,Fujitsu,40,0 GB,Fujitsu  100MHz,Full distributed crossbar,0.0569 TFlop/s,0.064 TFlop/s,False,False,False,UXP/V,False,False,False,False,False
27,T3D MC512-8,Cray/HPE,512,0 GB,EV4  149MHz,3-D Torus,0.0508 TFlop/s,0.0768 TFlop/s,"57,856",False,False,UNICOS,False,False,False,False,"7,136"
28,T3D MC512-8,Cray/HPE,512,0 GB,EV4  149MHz,3-D Torus,0.0508 TFlop/s,0.0768 TFlop/s,"57,856",False,False,UNICOS,False,False,False,False,"7,136"
29,T3D MC512-8,Cray/HPE,512,0 GB,EV4  149MHz,3-D Torus,0.0508 TFlop/s,0.0768 TFlop/s,"57,856",False,False,UNICOS,False,False,False,False,"7,136"
30,T3D MC512-8,Cray/HPE,512,0 GB,EV4  149MHz,3-D Torus,0.0508 TFlop/s,0.0768 TFlop/s,"57,856",False,False,UNICOS,False,False,False,False,"7,136"
31,T3D MC512-8,Cray/HPE,512,0 GB,EV4  149MHz,3-D Torus,0.0508 TFlop/s,0.0768 TFlop/s,"57,856",False,False,UNICOS,False,False,False,False,"7,136"
32,T3E,Cray/HPE,128,0 GB,EV5  300MHz,3-D Torus,0.0557 TFlop/s,0.0768 TFlop/s,"42,240",False,False,UNICOS,False,False,False,False,"5,952"
33,T3E,Cray/HPE,128,0 GB,EV5  300MHz,3-D Torus,0.0557 TFlop/s,0.0768 TFlop/s,"42,240",False,False,UNICOS,False,False,False,False,"5,952"
34,T3E,Cray/HPE,128,0 GB,EV5  300MHz,3-D Torus,0.0557 TFlop/s,0.0768 TFlop/s,"42,240",False,False,UNICOS,False,False,False,False,"5,952"
35,T3E,Cray/HPE,128,0 GB,EV5  300MHz,3-D Torus,0.0557 TFlop/s,0.0768 TFlop/s,"42,240",False,False,UNICOS,False,False,False,False,"5,952"
36,SP2/256,IBM,256,0 GB,POWER2  66MHz,,0.0442 TFlop/s,0.06809 TFlop/s,"53,000",False,False,AIX,False,False,False,False,"13,500"
37,SP2/256,IBM,256,0 GB,POWER2  66MHz,,0.0442 TFlop/s,0.06809 TFlop/s,"53,000",False,False,AIX,False,False,False,False,"13,500"
38,VPP500/32,Fujitsu,32,0 GB,Fujitsu  100MHz,Full distributed crossbar,0.0461 TFlop/s,0.0512 TFlop/s,"29,760",False,False,UXP/V,False,False,False,False,"5,350"
39,VPP500/30,Fujitsu,30,0 GB,Fujitsu  100MHz,Full distributed crossbar,0.00432 TFlop/s,0.048 TFlop/s,False,False,False,UXP/V,False,False,False,False,False
40,SX-4/20,NEC,20,0 GB,NEC  250MHz,Multi-stage crossbar,0.0387 TFlop/s,0.04 TFlop/s,False,False,False,EWS-UX/V,False,False,False,False,False
41,SX-4/20,NEC,20,0 GB,NEC  250MHz,Multi-stage crossbar,0.0387 TFlop/s,0.04 TFlop/s,False,False,False,EWS-UX/V,False,False,False,False,False
42,SX-4/20,NEC,20,0 GB,NEC  250MHz,Multi-stage crossbar,0.0387 TFlop/s,0.04 TFlop/s,False,False,False,EWS-UX/V,False,False,False,False,False
43,VPP500/28,Fujitsu,28,0 GB,Fujitsu  100MHz,Full distributed crossbar,0.0404 TFlop/s,0.0448 TFlop/s,False,False,False,UXP/V,False,False,False,False,False
44,SP2/208,IBM,208,0 GB,POWER2  66MHz,,0.03645 TFlop/s,0.05532 TFlop/s,"42,200",False,False,AIX,False,False,False,False,"10,300"
45,VPP300/16,Fujitsu,16,0 GB,Fujitsu  137MHz,Full distributed crossbar,0.0341 TFlop/s,0.0352 TFlop/s,"59,200",False,False,UXP/V,False,False,False,False,"3,520"
46,XP/S-MP 41,Intel,816,0 GB,Intel 80860  50MHz,2-D mesh (torus),0.0337 TFlop/s,0.0408 TFlop/s,False,False,False,OSF/1,False,False,False,False,False
47,SX-4/16,NEC,16,0 GB,NEC  250MHz,Multi-stage crossbar,0.0311 TFlop/s,0.032 TFlop/s,"20,480",False,False,EWS-UX/V,False,False,False,False,960
48,SX-4/16,NEC,16,0 GB,NEC  250MHz,Multi-stage crossbar,0.0311 TFlop/s,0.032 TFlop/s,"20,480",False,False,EWS-UX/V,False,False,False,False,960
49,SX-4/16,NEC,16,0 GB,NEC  250MHz,Multi-stage crossbar,0.0311 TFlop/s,0.032 TFlop/s,"20,480",False,False,EWS-UX/V,False,False,False,False,960
50,SX-4/16,NEC,16,0 GB,NEC  250MHz,Multi-stage crossbar,0.0311 TFlop/s,0.032 TFlop/s,"20,480",False,False,EWS-UX/V,False,False,False,False,960
51,CM-5/512,TMC,512,0 GB,SuperSPARC I  32MHz,"Hypercube, tree",0.0304 TFlop/s,0.06554 TFlop/s,"36,864",False,False,CMOST,False,False,False,False,"16,384"
52,CM-5/512,TMC,512,0 GB,SuperSPARC I  32MHz,"Hypercube, tree",0.0304 TFlop/s,0.06554 TFlop/s,"36,864",False,False,CMOST,False,False,False,False,"16,384"
53,T932/321024,Cray/HPE,32,0 GB,Cray  450MHz,,0.04785 TFlop/s,0.0576 TFlop/s,False,False,False,UNICOS,False,False,False,False,False
54,SP2/160,IBM,160,0 GB,POWER2  66MHz,,0.0287 TFlop/s,0.04256 TFlop/s,"42,200",False,False,AIX,False,False,False,False,"10,300"
55,S-3800/480,Hitachi,4,0 GB,Hitachi  500MHz,,0.0284 TFlop/s,0.032 TFlop/s,"15,500",False,False,VOS3/HAP/ES (IBM MVS compatible) and OSF/1,False,False,False,False,830
56,S-3800/480,Hitachi,4,0 GB,Hitachi  500MHz,,0.0284 TFlop/s,0.032 TFlop/s,"15,500",False,False,VOS3/HAP/ES (IBM MVS compatible) and OSF/1,False,False,False,False,830
57,S-3800/480,Hitachi,4,0 GB,Hitachi  500MHz,,0.0284 TFlop/s,0.032 TFlop/s,"15,500",False,False,VOS3/HAP/ES (IBM MVS compatible) and OSF/1,False,False,False,False,830
58,VPP300/13,Fujitsu,13,0 GB,Fujitsu  137MHz,Full distributed crossbar,0.0277 TFlop/s,0.0286 TFlop/s,False,False,False,UXP/V,False,False,False,False,False
59,T3D MC256-8/464,Cray/HPE,256,0 GB,EV4  149MHz,3-D Torus,0.0253 TFlop/s,0.0384 TFlop/s,"40,960",False,False,UNICOS,False,False,False,False,"4,918"
60,T3D SC256-8/264,Cray/HPE,256,0 GB,EV4  149MHz,3-D Torus,0.0253 TFlop/s,0.0384 TFlop/s,"40,960",False,False,UNICOS,False,False,False,False,"4,918"
61,T3D MC256-8,Cray/HPE,256,0 GB,EV4  149MHz,3-D Torus,0.0253 TFlop/s,0.0384 TFlop/s,"40,960",False,False,UNICOS,False,False,False,False,"4,918"
62,T3D MC256-8,Cray/HPE,256,0 GB,EV4  149MHz,3-D Torus,0.0253 TFlop/s,0.0384 TFlop/s,"40,960",False,False,UNICOS,False,False,False,False,"4,918"
63,T3D SC256-8/464,Cray/HPE,256,0 GB,EV4  149MHz,3-D Torus,0.0253 TFlop/s,0.0384 TFlop/s,"40,960",False,False,UNICOS,False,False,False,False,"4,918"
64,T3D SC256-8/364,Cray/HPE,256,0 GB,EV4  149MHz,3-D Torus,0.0253 TFlop/s,0.0384 TFlop/s,"40,960",False,False,UNICOS,False,False,False,False,"4,918"
65,T3D MC256-8,Cray/HPE,256,0 GB,EV4  149MHz,3-D Torus,0.0253 TFlop/s,0.0384 TFlop/s,"40,960",False,False,UNICOS,False,False,False,False,"4,918"
66,T3D SC256-8/464,Cray/HPE,256,0 GB,EV4  149MHz,3-D Torus,0.0253 TFlop/s,0.0384 TFlop/s,"40,960",False,False,UNICOS,False,False,False,False,"4,918"
67,T3E,Cray/HPE,64,0 GB,EV5  300MHz,3-D Torus,0.0283 TFlop/s,0.0384 TFlop/s,"29,952",False,False,UNICOS,False,False,False,False,"4,032"
68,T3E,Cray/HPE,64,0 GB,EV5  300MHz,3-D Torus,0.0283 TFlop/s,0.0384 TFlop/s,"29,952",False,False,UNICOS,False,False,False,False,"4,032"
69,T3E,Cray/HPE,64,0 GB,EV5  300MHz,3-D Torus,0.0283 TFlop/s,0.0384 TFlop/s,"29,952",False,False,UNICOS,False,False,False,False,"4,032"
70,T3E,Cray/HPE,64,0 GB,EV5  300MHz,3-D Torus,0.0283 TFlop/s,0.0384 TFlop/s,"29,952",False,False,UNICOS,False,False,False,False,"4,032"
71,T3E,Cray/HPE,64,0 GB,EV5  300MHz,3-D Torus,0.0283 TFlop/s,0.0384 TFlop/s,"29,952",False,False,UNICOS,False,False,False,False,"4,032"
72,SX-3/44R,NEC,4,0 GB,NEC  400MHz,Multi-stage crossbar,0.0232 TFlop/s,0.0256 TFlop/s,"6,400",False,False,Super-UX,False,False,False,False,830
73,SX-3/44R,NEC,4,0 GB,NEC  400MHz,Multi-stage crossbar,0.0232 TFlop/s,0.0256 TFlop/s,"6,400",False,False,Super-UX,False,False,False,False,830
74,T932/20512,Cray/HPE,20,0 GB,Cray  450MHz,,0.03062 TFlop/s,0.036 TFlop/s,False,False,False,UNICOS,False,False,False,False,False
75,VPP500/16,Fujitsu,16,0 GB,Fujitsu  100MHz,Full distributed crossbar,0.0236 TFlop/s,0.0256 TFlop/s,"21,120",False,False,UXP/V,False,False,False,False,"3,360"
76,S-3800/380,Hitachi,3,0 GB,Hitachi  500MHz,,0.0216 TFlop/s,0.024 TFlop/s,"15,680",False,False,VOS3/HAP/ES (IBM MVS compatible) and OSF/1,False,False,False,False,760
77,S-3800/380,Hitachi,3,0 GB,Hitachi  500MHz,,0.0216 TFlop/s,0.024 TFlop/s,"15,680",False,False,VOS3/HAP/ES (IBM MVS compatible) and OSF/1,False,False,False,False,760
78,VPP300/10,Fujitsu/SNI,10,0 GB,Fujitsu  137MHz,Full distributed crossbar,0.02135 TFlop/s,0.022 TFlop/s,False,False,False,UXP/V,False,False,False,False,False
79,SP2/110,IBM,110,0 GB,POWER2  66MHz,,0.02037 TFlop/s,0.02921 TFlop/s,False,False,False,AIX,False,False,False,False,False
80,VPP500/15,Fujitsu,15,0 GB,Fujitsu  100MHz,Full distributed crossbar,0.0221 TFlop/s,0.024 TFlop/s,False,False,False,UXP/V,False,False,False,False,False
81,SX-3/44,NEC,4,0 GB,NEC  343MHz,Multi-stage crossbar,0.02 TFlop/s,0.022 TFlop/s,"6,144",False,False,Super-UX,False,False,False,False,832
82,SP2/104,IBM,104,0 GB,POWER2  66MHz,,0.01934 TFlop/s,0.02762 TFlop/s,False,False,False,AIX,False,False,False,False,False
83,XP/S-MP 22,Intel,450,0 GB,Intel 80860  50MHz,2-D mesh (torus),0.0187 TFlop/s,0.0225 TFlop/s,False,False,False,OSF/1,False,False,False,False,False
84,POWER CHALLENGEarray,HPE,96,0 GB,R8000  75MHz,HIPPI,0.01845 TFlop/s,0.0288 TFlop/s,"53,000",False,False,IRIX,False,False,False,False,"20,000"
85,SP2/98,IBM,98,0 GB,POWER2  66MHz,,0.01831 TFlop/s,0.02607 TFlop/s,False,False,False,AIX,False,False,False,False,False
86,SP2 77 MHz wide,IBM,84,0 GB,POWER2  77MHz,,0.01792 TFlop/s,0.02587 TFlop/s,False,False,False,AIX,False,False,False,False,False
87,SX-3/34R,NEC,3,0 GB,NEC  400MHz,Multi-stage crossbar,0.0174 TFlop/s,0.0192 TFlop/s,"6,144",False,False,Super-UX,False,False,False,False,691
88,SX-3/34R,NEC,3,0 GB,NEC  400MHz,Multi-stage crossbar,0.0174 TFlop/s,0.0192 TFlop/s,"6,144",False,False,Super-UX,False,False,False,False,691
89,SP2 77 MHz wide,IBM,80,0 GB,POWER2  77MHz,,0.01723 TFlop/s,0.02463 TFlop/s,False,False,False,AIX,False,False,False,False,False
90,VPP300/8,Fujitsu,8,0 GB,Fujitsu  137MHz,Full distributed crossbar,0.0171 TFlop/s,0.0176 TFlop/s,"41,600",False,False,UXP/V,False,False,False,False,"2,080"
91,VPP300/8,Fujitsu/SNI,8,0 GB,Fujitsu  137MHz,Full distributed crossbar,0.0171 TFlop/s,0.0176 TFlop/s,"41,600",False,False,UXP/V,False,False,False,False,"2,080"
92,SP2/85,IBM,85,0 GB,POWER2  66MHz,,0.01609 TFlop/s,0.02261 TFlop/s,False,False,False,AIX,False,False,False,False,False
93,T3E,Cray/HPE,40,0 GB,EV5  300MHz,3-D Torus,0.0176 TFlop/s,0.024 TFlop/s,False,False,False,UNICOS,False,False,False,False,False
94,POWER CHALLENGEarray,HPE,64,0 GB,R8000  90MHz,,0.0156 TFlop/s,0.02304 TFlop/s,"37,000",False,False,IRIX,False,False,False,False,"8,500"
95,POWER CHALLENGEarray,HPE,64,0 GB,R8000  90MHz,,0.0156 TFlop/s,0.02304 TFlop/s,"37,000",False,False,IRIX,False,False,False,False,"8,500"
96,T916/12512,Cray/HPE,12,0 GB,Cray  450MHz,,0.01807 TFlop/s,0.0216 TFlop/s,False,False,False,UNICOS,False,False,False,False,False
97,SX-4/8,NEC,8,0 GB,NEC  250MHz,Multi-stage crossbar,0.0154 TFlop/s,0.016 TFlop/s,"9,984",False,False,EWS-UX/V,False,False,False,False,860
98,SX-4/8,NEC,8,0 GB,NEC  250MHz,Multi-stage crossbar,0.0154 TFlop/s,0.016 TFlop/s,"9,984",False,False,EWS-UX/V,False,False,False,False,860
99,SX-4/8,NEC,8,0 GB,NEC  250MHz,Multi-stage crossbar,0.0154 TFlop/s,0.016 TFlop/s,"9,984",False,False,EWS-UX/V,False,False,False,False,860
100,SX-4/8,NEC,8,0 GB,NEC  250MHz,Multi-stage crossbar,0.0154 TFlop/s,0.016 TFlop/s,"9,984",False,False,EWS-UX/V,False,False,False,False,860
101,SP2/80,IBM,80,0 GB,POWER2  66MHz,,0.01523 TFlop/s,0.02128 TFlop/s,False,False,False,AIX,False,False,False,False,False
102,XP/S35,Intel,512,0 GB,Intel 80860  50MHz,2-D mesh (torus),0.0152 TFlop/s,0.026 TFlop/s,"23,000",False,False,OSF/1,False,False,False,False,"9,000"
103,XP/S35,Intel,512,0 GB,Intel 80860  50MHz,2-D mesh (torus),0.0152 TFlop/s,0.026 TFlop/s,"23,000",False,False,OSF/1,False,False,False,False,"9,000"
104,CM-5/256,TMC,256,0 GB,SuperSPARC I  32MHz,"Hypercube, tree",0.0151 TFlop/s,0.03277 TFlop/s,"26,112",False,False,CMOST,False,False,False,False,"12,032"
105,CM-5/256,TMC,256,0 GB,SuperSPARC I  32MHz,"Hypercube, tree",0.0151 TFlop/s,0.03277 TFlop/s,"26,112",False,False,CMOST,False,False,False,False,"12,032"
106,CM-5/256,TMC,256,0 GB,SuperSPARC I  32MHz,"Hypercube, tree",0.0151 TFlop/s,0.03277 TFlop/s,"26,112",False,False,CMOST,False,False,False,False,"12,032"
107,CM-5/256,TMC,256,0 GB,SuperSPARC I  32MHz,"Hypercube, tree",0.0151 TFlop/s,0.03277 TFlop/s,"26,112",False,False,CMOST,False,False,False,False,"12,032"
108,SP2/79,IBM,79,0 GB,POWER2  66MHz,,0.01506 TFlop/s,0.02101 TFlop/s,False,False,False,AIX,False,False,False,False,False
109,SP2/78,IBM,78,0 GB,POWER2  66MHz,,0.01489 TFlop/s,0.02075 TFlop/s,False,False,False,AIX,False,False,False,False,False
110,SP2/77,IBM,77,0 GB,POWER2  66MHz,,0.01472 TFlop/s,0.02048 TFlop/s,False,False,False,AIX,False,False,False,False,False
111,SP2/77,IBM,77,0 GB,POWER2  66MHz,,0.01472 TFlop/s,0.02048 TFlop/s,False,False,False,AIX,False,False,False,False,False
112,SP2/77,IBM,77,0 GB,POWER2  66MHz,,0.01472 TFlop/s,0.02048 TFlop/s,False,False,False,AIX,False,False,False,False,False
113,S-3800/280,Hitachi,2,0 GB,Hitachi  500MHz,,0.0146 TFlop/s,0.016 TFlop/s,"15,680",False,False,VOS3/HAP/ES (IBM MVS compatible) and OSF/1,False,False,False,False,570
114,SP2/76,IBM,76,0 GB,POWER2  66MHz,,0.01455 TFlop/s,0.02022 TFlop/s,False,False,False,AIX,False,False,False,False,False
115,SP2/75,IBM,75,0 GB,POWER2  66MHz,,0.01438 TFlop/s,0.01995 TFlop/s,False,False,False,AIX,False,False,False,False,False
116,SR2201/64,Hitachi,64,0 GB,HARP-1E  150MHz,Hyper crossbar,0.01489 TFlop/s,0.0192 TFlop/s,"38,880",False,False,HI-UX/MPP,False,False,False,False,"6,720"
117,SR2201/64,Hitachi,64,0 GB,HARP-1E  150MHz,Hyper crossbar,0.01489 TFlop/s,0.0192 TFlop/s,"38,880",False,False,HI-UX/MPP,False,False,False,False,"6,720"
118,SR2201/64,Hitachi,64,0 GB,HARP-1E  150MHz,Hyper crossbar,0.01489 TFlop/s,0.0192 TFlop/s,"38,880",False,False,HI-UX/MPP,False,False,False,False,"6,720"
119,Delta,Intel,512,0 GB,Intel 80860  40MHz,,0.0139 TFlop/s,0.02048 TFlop/s,"25,000",False,False,OSF/1,False,False,False,False,"7,500"
120,SP2/72,IBM,72,0 GB,POWER2  66MHz,,0.01386 TFlop/s,0.01915 TFlop/s,False,False,False,AIX,False,False,False,False,False
121,Y-MP C916/161024,Cray/HPE,16,0 GB,Cray  238MHz,,0.0137 TFlop/s,0.01524 TFlop/s,"10,000",False,False,UNICOS,False,False,False,False,650
122,Y-MP C916/16256,Cray/HPE,16,0 GB,Cray  238MHz,,0.0137 TFlop/s,0.01524 TFlop/s,"10,000",False,False,UNICOS,False,False,False,False,650
123,Y-MP C916/16256,Cray/HPE,16,0 GB,Cray  238MHz,,0.0137 TFlop/s,0.01524 TFlop/s,"10,000",False,False,UNICOS,False,False,False,False,650
124,Y-MP C916/16256,Cray/HPE,16,0 GB,Cray  238MHz,,0.0137 TFlop/s,0.01524 TFlop/s,"10,000",False,False,UNICOS,False,False,False,False,650
125,Y-MP C916/16256,Cray/HPE,16,0 GB,Cray  238MHz,,0.0137 TFlop/s,0.01524 TFlop/s,"10,000",False,False,UNICOS,False,False,False,False,650
126,Y-MP C916/16256,Cray/HPE,16,0 GB,Cray  238MHz,,0.0137 TFlop/s,0.01524 TFlop/s,"10,000",False,False,UNICOS,False,False,False,False,650
127,Y-MP C916/161024,Cray/HPE,16,0 GB,Cray  238MHz,,0.0137 TFlop/s,0.01524 TFlop/s,"10,000",False,False,UNICOS,False,False,False,False,650
128,Y-MP C916/16512,Cray/HPE,16,0 GB,Cray  238MHz,,0.0137 TFlop/s,0.01524 TFlop/s,"10,000",False,False,UNICOS,False,False,False,False,650
129,Y-MP C916/16512,Cray/HPE,16,0 GB,Cray  238MHz,,0.0137 TFlop/s,0.01524 TFlop/s,"10,000",False,False,UNICOS,False,False,False,False,650
130,Y-MP C916/161024,Cray/HPE,16,0 GB,Cray  238MHz,,0.0137 TFlop/s,0.01524 TFlop/s,"10,000",False,False,UNICOS,False,False,False,False,650
131,Y-MP C916/161024,Cray/HPE,16,0 GB,Cray  238MHz,,0.0137 TFlop/s,0.01524 TFlop/s,"10,000",False,False,UNICOS,False,False,False,False,650
132,Y-MP C916/161024,Cray/HPE,16,0 GB,Cray  238MHz,,0.0137 TFlop/s,0.01524 TFlop/s,"10,000",False,False,UNICOS,False,False,False,False,650
133,Y-MP C916/161024,Cray/HPE,16,0 GB,Cray  238MHz,,0.0137 TFlop/s,0.01524 TFlop/s,"10,000",False,False,UNICOS,False,False,False,False,650
134,Y-MP C916/16512,Cray/HPE,16,0 GB,Cray  238MHz,,0.0137 TFlop/s,0.01524 TFlop/s,"10,000",False,False,UNICOS,False,False,False,False,650
135,Y-MP C916/16256,Cray/HPE,16,0 GB,Cray  238MHz,,0.0137 TFlop/s,0.01524 TFlop/s,"10,000",False,False,UNICOS,False,False,False,False,650
136,Y-MP C916/16512,Cray/HPE,16,0 GB,Cray  238MHz,,0.0137 TFlop/s,0.01524 TFlop/s,"10,000",False,False,UNICOS,False,False,False,False,650
137,Y-MP C916/161024,Cray/HPE,16,0 GB,Cray  238MHz,,0.0137 TFlop/s,0.01524 TFlop/s,"10,000",False,False,UNICOS,False,False,False,False,650
138,Y-MP C916/16256,Cray/HPE,16,0 GB,Cray  238MHz,,0.0137 TFlop/s,0.01524 TFlop/s,"10,000",False,False,UNICOS,False,False,False,False,650
139,Y-MP C916/161024,Cray/HPE,16,0 GB,Cray  238MHz,,0.0137 TFlop/s,0.01524 TFlop/s,"10,000",False,False,UNICOS,False,False,False,False,650
140,Y-MP C916/16256,Cray/HPE,16,0 GB,Cray  238MHz,,0.0137 TFlop/s,0.01524 TFlop/s,"10,000",False,False,UNICOS,False,False,False,False,650
141,Y-MP C916/16256,Cray/HPE,16,0 GB,Cray  238MHz,,0.0137 TFlop/s,0.01524 TFlop/s,"10,000",False,False,UNICOS,False,False,False,False,650
142,Y-MP C916/16512,Cray/HPE,16,0 GB,Cray  238MHz,,0.0137 TFlop/s,0.01524 TFlop/s,"10,000",False,False,UNICOS,False,False,False,False,650
143,Y-MP C916/161024,Cray/HPE,16,0 GB,Cray  238MHz,,0.0137 TFlop/s,0.01524 TFlop/s,"10,000",False,False,UNICOS,False,False,False,False,650
144,Y-MP C916/16512,Cray/HPE,16,0 GB,Cray  238MHz,,0.0137 TFlop/s,0.01524 TFlop/s,"10,000",False,False,UNICOS,False,False,False,False,650
145,Y-MP C916/16512,Cray/HPE,16,0 GB,Cray  238MHz,,0.0137 TFlop/s,0.01524 TFlop/s,"10,000",False,False,UNICOS,False,False,False,False,650
146,Y-MP C916/161024,Cray/HPE,16,0 GB,Cray  238MHz,,0.0137 TFlop/s,0.01524 TFlop/s,"10,000",False,False,UNICOS,False,False,False,False,650
147,Y-MP C916/16256,Cray/HPE,16,0 GB,Cray  238MHz,,0.0137 TFlop/s,0.01524 TFlop/s,"10,000",False,False,UNICOS,False,False,False,False,650
148,VPP500/10,Fujitsu,10,0 GB,Fujitsu  100MHz,Full distributed crossbar,0.0149 TFlop/s,0.016 TFlop/s,False,False,False,UXP/V,False,False,False,False,False
149,SP2/69,IBM,69,0 GB,POWER2  66MHz,,0.01335 TFlop/s,0.01835 TFlop/s,False,False,False,AIX,False,False,False,False,False
150,SP2/68,IBM,68,0 GB,POWER2  66MHz,,0.01318 TFlop/s,0.01809 TFlop/s,False,False,False,AIX,False,False,False,False,False
151,T932/101024,Cray/HPE,10,0 GB,Cray  450MHz,,0.0151 TFlop/s,0.018 TFlop/s,False,False,False,UNICOS,False,False,False,False,False
152,SP2/67,IBM,67,0 GB,POWER2  66MHz,,0.01301 TFlop/s,0.01782 TFlop/s,False,False,False,AIX,False,False,False,False,False
153,T3D MC128-8,Cray/HPE,128,0 GB,EV4  149MHz,3-D Torus,0.0128 TFlop/s,0.0192 TFlop/s,"20,736",False,False,UNICOS,False,False,False,False,"3,408"
154,T3D MC128-8,Cray/HPE,128,0 GB,EV4  149MHz,3-D Torus,0.0128 TFlop/s,0.0192 TFlop/s,"20,736",False,False,UNICOS,False,False,False,False,"3,408"
155,T3D MC128-8,Cray/HPE,128,0 GB,EV4  149MHz,3-D Torus,0.0128 TFlop/s,0.0192 TFlop/s,"20,736",False,False,UNICOS,False,False,False,False,"3,408"
156,T3D MCA128-8,Cray/HPE,128,0 GB,EV4  149MHz,3-D Torus,0.0128 TFlop/s,0.0192 TFlop/s,"20,736",False,False,UNICOS,False,False,False,False,"3,408"
157,T3D MCA128-8,Cray/HPE,128,0 GB,EV4  149MHz,3-D Torus,0.0128 TFlop/s,0.0192 TFlop/s,"20,736",False,False,UNICOS,False,False,False,False,"3,408"
158,T3D MC128-8,Cray/HPE,128,0 GB,EV4  149MHz,3-D Torus,0.0128 TFlop/s,0.0192 TFlop/s,"20,736",False,False,UNICOS,False,False,False,False,"3,408"
159,T3D MCA128-8,Cray/HPE,128,0 GB,EV4  149MHz,3-D Torus,0.0128 TFlop/s,0.0192 TFlop/s,"20,736",False,False,UNICOS,False,False,False,False,"3,408"
160,T3D MCA128-8,Cray/HPE,128,0 GB,EV4  149MHz,3-D Torus,0.0128 TFlop/s,0.0192 TFlop/s,"20,736",False,False,UNICOS,False,False,False,False,"3,408"
161,T3D MCA128-8,Cray/HPE,128,0 GB,EV4  149MHz,3-D Torus,0.0128 TFlop/s,0.0192 TFlop/s,"20,736",False,False,UNICOS,False,False,False,False,"3,408"
162,T3D MCA128-8,Cray/HPE,128,0 GB,EV4  149MHz,3-D Torus,0.0128 TFlop/s,0.0192 TFlop/s,"20,736",False,False,UNICOS,False,False,False,False,"3,408"
163,T3D MC128-8,Cray/HPE,128,0 GB,EV4  149MHz,3-D Torus,0.0128 TFlop/s,0.0192 TFlop/s,"20,736",False,False,UNICOS,False,False,False,False,"3,408"
164,T3D MCA128-2,Cray/HPE,128,0 GB,EV4  149MHz,3-D Torus,0.0128 TFlop/s,0.0192 TFlop/s,"20,736",False,False,UNICOS,False,False,False,False,"3,408"
165,T3D MCA128-8,Cray/HPE,128,0 GB,EV4  149MHz,3-D Torus,0.0128 TFlop/s,0.0192 TFlop/s,"20,736",False,False,UNICOS,False,False,False,False,"3,408"
166,T3D MCA128-8,Cray/HPE,128,0 GB,EV4  149MHz,3-D Torus,0.0128 TFlop/s,0.0192 TFlop/s,"20,736",False,False,UNICOS,False,False,False,False,"3,408"
167,T3D MCA128-8,Cray/HPE,128,0 GB,EV4  149MHz,3-D Torus,0.0128 TFlop/s,0.0192 TFlop/s,"20,736",False,False,UNICOS,False,False,False,False,"3,408"
168,T3D MC128-8,Cray/HPE,128,0 GB,EV4  149MHz,3-D Torus,0.0128 TFlop/s,0.0192 TFlop/s,"20,736",False,False,UNICOS,False,False,False,False,"3,408"
169,VPP300/6,Fujitsu,6,0 GB,Fujitsu  137MHz,Full distributed crossbar,0.0128 TFlop/s,0.0132 TFlop/s,False,False,False,UXP/V,False,False,False,False,False
170,VPP300/6,Fujitsu/SNI,6,0 GB,Fujitsu  137MHz,Full distributed crossbar,0.0128 TFlop/s,0.0132 TFlop/s,False,False,False,UXP/V,False,False,False,False,False
171,SP2/65,IBM,65,0 GB,POWER2  66MHz,,0.01267 TFlop/s,0.01729 TFlop/s,False,False,False,AIX,False,False,False,False,False
172,T3E,Cray/HPE,32,0 GB,EV5  300MHz,3-D Torus,0.01403 TFlop/s,0.0192 TFlop/s,"21,120",False,False,UNICOS,False,False,False,False,"2,832"
173,SP2/64,IBM,64,0 GB,POWER2  66MHz,,0.0125 TFlop/s,0.01702 TFlop/s,"26,500",False,False,AIX,False,False,False,False,"7,000"
174,SP2/64,IBM,64,0 GB,POWER2  66MHz,,0.0125 TFlop/s,0.01702 TFlop/s,"26,500",False,False,AIX,False,False,False,False,"7,000"
175,SP2/64,IBM,64,0 GB,POWER2  66MHz,,0.0125 TFlop/s,0.01702 TFlop/s,"26,500",False,False,AIX,False,False,False,False,"7,000"
176,XP/S-MP 15,Intel,294,0 GB,Intel 80860  50MHz,2-D mesh (torus),0.01225 TFlop/s,0.0147 TFlop/s,False,False,False,OSF/1,False,False,False,False,False
177,XP/S-MP 14,Intel,288,0 GB,Intel 80860  50MHz,2-D mesh (torus),0.012 TFlop/s,0.0144 TFlop/s,False,False,False,OSF/1,False,False,False,False,False
178,XP/S30,Intel,400,0 GB,Intel 80860  50MHz,2-D mesh (torus),0.0119 TFlop/s,0.02 TFlop/s,False,False,False,OSF/1,False,False,False,False,False
179,SP2/60,IBM,60,0 GB,POWER2  66MHz,,0.01175 TFlop/s,0.01596 TFlop/s,False,False,False,AIX,False,False,False,False,False
180,SX-3/24R,NEC,2,0 GB,NEC  400MHz,Multi-stage crossbar,0.0116 TFlop/s,0.0128 TFlop/s,"4,352",False,False,Super-UX,False,False,False,False,516
181,SX-3/24R,NEC,2,0 GB,NEC  400MHz,Multi-stage crossbar,0.0116 TFlop/s,0.0128 TFlop/s,"4,352",False,False,Super-UX,False,False,False,False,516
182,SX-4/6,NEC,6,0 GB,NEC  250MHz,Multi-stage crossbar,0.0115 TFlop/s,0.012 TFlop/s,False,False,False,EWS-UX/V,False,False,False,False,False
183,T916/8256,Cray/HPE,8,0 GB,Cray  450MHz,,0.01212 TFlop/s,0.0144 TFlop/s,False,False,False,UNICOS,False,False,False,False,False
184,T916/8512,Cray/HPE,8,0 GB,Cray  450MHz,,0.01212 TFlop/s,0.0144 TFlop/s,False,False,False,UNICOS,False,False,False,False,False
185,VPP300/5,Fujitsu,5,0 GB,Fujitsu  137MHz,Full distributed crossbar,0.01072 TFlop/s,0.011 TFlop/s,False,False,False,UXP/V,False,False,False,False,False
186,SP2/54,IBM,54,0 GB,POWER2  66MHz,,0.01064 TFlop/s,0.01436 TFlop/s,False,False,False,AIX,False,False,False,False,False
187,SPP1600/XA-64,HP,64,0 GB,PA-7200  120MHz,Ring,0.0104 TFlop/s,0.01536 TFlop/s,False,False,False,SPP-UX,False,False,False,False,False
188,Y-MP C916/12256,Cray/HPE,12,0 GB,Cray  238MHz,,0.01027 TFlop/s,0.01143 TFlop/s,False,False,False,UNICOS,False,False,False,False,False
189,SP2/51,IBM,51,0 GB,POWER2  66MHz,,0.01009 TFlop/s,0.01357 TFlop/s,False,False,False,AIX,False,False,False,False,False
190,XP/S25,Intel,336,0 GB,Intel 80860  50MHz,2-D mesh (torus),0.01 TFlop/s,0.0168 TFlop/s,False,False,False,OSF/1,False,False,False,False,False
191,XP/S25,Intel,336,0 GB,Intel 80860  50MHz,2-D mesh (torus),0.01 TFlop/s,0.0168 TFlop/s,False,False,False,OSF/1,False,False,False,False,False
192,SP2/50,IBM,50,0 GB,POWER2  66MHz,,0.0099 TFlop/s,0.0133 TFlop/s,False,False,False,AIX,False,False,False,False,False
193,SP2/50,IBM,50,0 GB,POWER2  66MHz,,0.0099 TFlop/s,0.0133 TFlop/s,False,False,False,AIX,False,False,False,False,False
194,SP2/50,IBM,50,0 GB,POWER2  66MHz,,0.0099 TFlop/s,0.0133 TFlop/s,False,False,False,AIX,False,False,False,False,False
195,CM-200/64k,TMC,"2,048",0 GB,TMC CM2  10MHz,,0.0098 TFlop/s,0.02 TFlop/s,"29,696",False,False,CMOST,False,False,False,False,"11,264"
196,CM-200/64k,TMC,"2,048",0 GB,TMC CM2  10MHz,,0.0098 TFlop/s,0.02 TFlop/s,"29,696",False,False,CMOST,False,False,False,False,"11,264"
197,VPP500/7,Fujitsu,7,0 GB,Fujitsu  100MHz,Full distributed crossbar,0.0105 TFlop/s,0.0112 TFlop/s,False,False,False,UXP/V,False,False,False,False,False
198,SP2/48,IBM,48,0 GB,POWER2  66MHz,,0.00953 TFlop/s,0.01277 TFlop/s,False,False,False,AIX,False,False,False,False,False
199,SP2/48,IBM,48,0 GB,POWER2  66MHz,,0.00953 TFlop/s,0.01277 TFlop/s,False,False,False,AIX,False,False,False,False,False
200,SP2/48,IBM,48,0 GB,POWER2  66MHz,,0.00953 TFlop/s,0.01277 TFlop/s,False,False,False,AIX,False,False,False,False,False
201,SP2/48,IBM,48,0 GB,POWER2  66MHz,,0.00953 TFlop/s,0.01277 TFlop/s,False,False,False,AIX,False,False,False,False,False
202,SP2/48,IBM,48,0 GB,POWER2  66MHz,,0.00953 TFlop/s,0.01277 TFlop/s,False,False,False,AIX,False,False,False,False,False
203,SP2/48,IBM,48,0 GB,POWER2  66MHz,,0.00953 TFlop/s,0.01277 TFlop/s,False,False,False,AIX,False,False,False,False,False
204,SP2/48,IBM,48,0 GB,POWER2  66MHz,,0.00953 TFlop/s,0.01277 TFlop/s,False,False,False,AIX,False,False,False,False,False
205,T3E,Cray/HPE,24,0 GB,EV5  300MHz,3-D Torus,0.01058 TFlop/s,0.0144 TFlop/s,False,False,False,UNICOS,False,False,False,False,False
206,POWER CHALLENGEarray,HPE,40,0 GB,R8000  90MHz,,0.0094 TFlop/s,0.0144 TFlop/s,"27,000",False,False,IRIX,False,False,False,False,"6,775"
207,POWER CHALLENGEarray,HPE,40,0 GB,R8000  90MHz,,0.0094 TFlop/s,0.0144 TFlop/s,"27,000",False,False,IRIX,False,False,False,False,"6,775"
208,SP2/46,IBM,46,0 GB,POWER2  66MHz,,0.00916 TFlop/s,0.01224 TFlop/s,False,False,False,AIX,False,False,False,False,False
209,SP2/44,IBM,44,0 GB,POWER2  66MHz,,0.00879 TFlop/s,0.0117 TFlop/s,False,False,False,AIX,False,False,False,False,False
210,ORIGIN 2000,HPE,128,0 GB,R10000  195MHz,Hypercube,0.04025 TFlop/s,0.04992 TFlop/s,"60,000",False,False,IRIX,False,False,False,False,"6,000"
211,ORIGIN 2000,HPE,32,0 GB,R10000  195MHz,Hypercube,0.0109 TFlop/s,0.01248 TFlop/s,"32,000",False,False,IRIX,False,False,False,False,"4,000"
212,ORIGIN 2000,HPE,32,0 GB,R10000  195MHz,Hypercube,0.0109 TFlop/s,0.01248 TFlop/s,"32,000",False,False,IRIX,False,False,False,False,"4,000"
213,VX/4,Fujitsu,4,0 GB,Fujitsu  137MHz,Full distributed crossbar,0.0086 TFlop/s,0.0088 TFlop/s,"28,800",False,False,UXP/V,False,False,False,False,"1,280"
214,VPP300/4,Fujitsu/SNI,4,0 GB,Fujitsu  137MHz,Full distributed crossbar,0.0086 TFlop/s,0.0088 TFlop/s,"28,800",False,False,UXP/V,False,False,False,False,"1,280"
215,VPP300/4,Fujitsu,4,0 GB,Fujitsu  137MHz,Full distributed crossbar,0.0086 TFlop/s,0.0088 TFlop/s,"28,800",False,False,UXP/V,False,False,False,False,"1,280"
216,SP2/42,IBM,42,0 GB,POWER2  66MHz,,0.00842 TFlop/s,0.01117 TFlop/s,False,False,False,AIX,False,False,False,False,False
217,SP2/42,IBM,42,0 GB,POWER2  66MHz,,0.00842 TFlop/s,0.01117 TFlop/s,False,False,False,AIX,False,False,False,False,False
218,SP2/42,IBM,42,0 GB,POWER2  66MHz,,0.00842 TFlop/s,0.01117 TFlop/s,False,False,False,AIX,False,False,False,False,False
219,T916/6512,Cray/HPE,6,0 GB,Cray  450MHz,,0.00914 TFlop/s,0.0108 TFlop/s,False,False,False,UNICOS,False,False,False,False,False
220,POWER CHALLENGEarray 10000,HPE,72,0 GB,R10000  195MHz,HIPPI,0.00823 TFlop/s,0.02808 TFlop/s,False,False,False,IRIX,False,False,False,False,False
221,POWER CHALLENGE 10000,HPE,32,0 GB,R10000  195MHz,,0.00823 TFlop/s,0.01248 TFlop/s,"16,000",False,False,IRIX,False,False,False,False,"4,000"
222,SP2/41,IBM,41,0 GB,POWER2  66MHz,,0.00823 TFlop/s,0.01091 TFlop/s,False,False,False,AIX,False,False,False,False,False
223,SP2/41,IBM,41,0 GB,POWER2  66MHz,,0.00823 TFlop/s,0.01091 TFlop/s,False,False,False,AIX,False,False,False,False,False
224,SP2 77 MHz wide,IBM,36,0 GB,POWER2  77MHz,,0.0082 TFlop/s,0.01109 TFlop/s,False,False,False,AIX,False,False,False,False,False
225,SP2/40,IBM,40,0 GB,POWER2  66MHz,,0.00805 TFlop/s,0.01064 TFlop/s,False,False,False,AIX,False,False,False,False,False
226,SP2/40,IBM,40,0 GB,POWER2  66MHz,,0.00805 TFlop/s,0.01064 TFlop/s,False,False,False,AIX,False,False,False,False,False
227,SP2/40,IBM,40,0 GB,POWER2  66MHz,,0.00805 TFlop/s,0.01064 TFlop/s,False,False,False,AIX,False,False,False,False,False
228,SP2/40,IBM,40,0 GB,POWER2  66MHz,,0.00805 TFlop/s,0.01064 TFlop/s,False,False,False,AIX,False,False,False,False,False
229,GC PowerPlus/192,Parsytec,192,0 GB,PowerPC 601  80MHz,,0.008 TFlop/s,0.01536 TFlop/s,"27,192",False,False,PARIX,False,False,False,False,"9,500"
230,GC PowerPlus/192,Parsytec,192,0 GB,PowerPC 601  80MHz,,0.008 TFlop/s,0.01536 TFlop/s,"27,192",False,False,PARIX,False,False,False,False,"9,500"
231,SP2 77 MHz wide,IBM,35,0 GB,POWER2  77MHz,,0.00797 TFlop/s,0.01078 TFlop/s,False,False,False,AIX,False,False,False,False,False
232,SPP1600/XA-48,HP,48,0 GB,PA-7200  120MHz,Ring,0.00792 TFlop/s,0.01152 TFlop/s,False,False,False,SPP-UX,False,False,False,False,False
233,VPP500/6,Fujitsu,6,0 GB,Fujitsu  100MHz,Full distributed crossbar,0.00905 TFlop/s,0.0096 TFlop/s,False,False,False,UXP/V,False,False,False,False,False
234,POWER CHALLENGEarray,HPE,40,0 GB,R8000  75MHz,HIPPI,0.00783 TFlop/s,0.012 TFlop/s,"27,000",False,False,IRIX,False,False,False,False,"6,775"
235,POWER CHALLENGEarray,HPE,40,0 GB,R8000  75MHz,HIPPI,0.00783 TFlop/s,0.012 TFlop/s,"27,000",False,False,IRIX,False,False,False,False,"6,775"
236,POWER CHALLENGEarray,HPE,40,0 GB,R8000  75MHz,HIPPI,0.00783 TFlop/s,0.012 TFlop/s,"27,000",False,False,IRIX,False,False,False,False,"6,775"
237,Exemplar S-Class,HP,16,0 GB,PA-8000  179MHz,,0.00778 TFlop/s,0.01152 TFlop/s,"13,320",False,False,HP Unix (HP-UX),False,False,False,False,"1,044"
238,Exemplar S-Class,HP,16,0 GB,PA-8000  179MHz,,0.00778 TFlop/s,0.01152 TFlop/s,"13,320",False,False,HP Unix (HP-UX),False,False,False,False,"1,044"
239,Exemplar S-Class,HP,16,0 GB,PA-8000  179MHz,,0.00778 TFlop/s,0.01152 TFlop/s,"13,320",False,False,HP Unix (HP-UX),False,False,False,False,"1,044"
240,Exemplar S-Class,HP,16,0 GB,PA-8000  179MHz,,0.00778 TFlop/s,0.01152 TFlop/s,"13,320",False,False,HP Unix (HP-UX),False,False,False,False,"1,044"
241,Exemplar S-Class,HP,16,0 GB,PA-8000  179MHz,,0.00778 TFlop/s,0.01152 TFlop/s,"13,320",False,False,HP Unix (HP-UX),False,False,False,False,"1,044"
242,Exemplar S-Class,HP,16,0 GB,PA-8000  179MHz,,0.00778 TFlop/s,0.01152 TFlop/s,"13,320",False,False,HP Unix (HP-UX),False,False,False,False,"1,044"
243,Exemplar S-Class,HP,16,0 GB,PA-8000  179MHz,,0.00778 TFlop/s,0.01152 TFlop/s,"13,320",False,False,HP Unix (HP-UX),False,False,False,False,"1,044"
244,Exemplar S-Class,HP,16,0 GB,PA-8000  179MHz,,0.00778 TFlop/s,0.01152 TFlop/s,"13,320",False,False,HP Unix (HP-UX),False,False,False,False,"1,044"
245,Exemplar S-Class,HP,16,0 GB,PA-8000  179MHz,,0.00778 TFlop/s,0.01152 TFlop/s,"13,320",False,False,HP Unix (HP-UX),False,False,False,False,"1,044"
246,CM-5E/128,TMC,128,0 GB,SuperSPARC I  40MHz,,0.0077 TFlop/s,0.02048 TFlop/s,"18,432",False,False,CMOST,False,False,False,False,"8,192"
247,CM-5/128,TMC,128,0 GB,SuperSPARC I  32MHz,"Hypercube, tree",0.0077 TFlop/s,0.01638 TFlop/s,"18,432",False,False,CMOST,False,False,False,False,"8,192"
248,CM-5/128,TMC,128,0 GB,SuperSPARC I  32MHz,"Hypercube, tree",0.0077 TFlop/s,0.01638 TFlop/s,"18,432",False,False,CMOST,False,False,False,False,"8,192"
249,CM-5/128,TMC,128,0 GB,SuperSPARC I  32MHz,"Hypercube, tree",0.0077 TFlop/s,0.01638 TFlop/s,"18,432",False,False,CMOST,False,False,False,False,"8,192"
250,CM-5/128,TMC,128,0 GB,SuperSPARC I  32MHz,"Hypercube, tree",0.0077 TFlop/s,0.01638 TFlop/s,"18,432",False,False,CMOST,False,False,False,False,"8,192"
251,CM-5/128,TMC,128,0 GB,SuperSPARC I  32MHz,"Hypercube, tree",0.0077 TFlop/s,0.01638 TFlop/s,"18,432",False,False,CMOST,False,False,False,False,"8,192"
252,SP2/38,IBM,38,0 GB,POWER2  66MHz,,0.00768 TFlop/s,0.01011 TFlop/s,False,False,False,AIX,False,False,False,False,False
253,SP2/38,IBM,38,0 GB,POWER2  66MHz,,0.00768 TFlop/s,0.01011 TFlop/s,False,False,False,AIX,False,False,False,False,False
254,SP2/38,IBM,38,0 GB,POWER2  66MHz,,0.00768 TFlop/s,0.01011 TFlop/s,False,False,False,AIX,False,False,False,False,False
255,SX-4/4,NEC,4,0 GB,NEC  250MHz,Multi-stage crossbar,0.00771 TFlop/s,0.008 TFlop/s,False,False,False,EWS-UX/V,False,False,False,False,False
256,XP/S20,Intel,256,0 GB,Intel 80860  50MHz,2-D mesh (torus),0.0076 TFlop/s,0.0128 TFlop/s,"16,000",False,False,OSF/1,False,False,False,False,"4,000"
257,XP/S20,Intel,256,0 GB,Intel 80860  50MHz,2-D mesh (torus),0.0076 TFlop/s,0.0128 TFlop/s,"16,000",False,False,OSF/1,False,False,False,False,"4,000"
258,POWER CHALLENGEarray,HPE,32,0 GB,R8000  90MHz,,0.00754 TFlop/s,0.01152 TFlop/s,"22,000",False,False,IRIX,False,False,False,False,"5,600"
259,POWER CHALLENGEarray,HPE,32,0 GB,R8000  90MHz,,0.00754 TFlop/s,0.01152 TFlop/s,"22,000",False,False,IRIX,False,False,False,False,"5,600"
260,POWER CHALLENGEarray,HPE,32,0 GB,R8000  90MHz,,0.00754 TFlop/s,0.01152 TFlop/s,"22,000",False,False,IRIX,False,False,False,False,"5,600"
261,SP2/37,IBM,37,0 GB,POWER2  66MHz,,0.00749 TFlop/s,0.00984 TFlop/s,False,False,False,AIX,False,False,False,False,False
262,POWER CHALLENGEarray,HPE,38,0 GB,R8000  75MHz,HIPPI,0.00745 TFlop/s,0.0114 TFlop/s,"27,000",False,False,IRIX,False,False,False,False,"6,775"
263,SPP1200/XA-64,HP,64,0 GB,PA-7200  120MHz,Ring,0.00741 TFlop/s,0.01536 TFlop/s,"42,000",False,False,SPP-UX,False,False,False,False,False
264,S-3800/180,Hitachi,1,0 GB,Hitachi  500MHz,,0.0074 TFlop/s,0.008 TFlop/s,"15,680",False,False,VOS3/HAP/ES (IBM MVS compatible) and OSF/1,False,False,False,False,470
265,SP2/36,IBM,36,0 GB,POWER2  66MHz,,0.00731 TFlop/s,0.00958 TFlop/s,False,False,False,AIX,False,False,False,False,False
266,SP2/36,IBM,36,0 GB,POWER2  66MHz,,0.00731 TFlop/s,0.00958 TFlop/s,False,False,False,AIX,False,False,False,False,False
267,SP2 77 MHz wide,IBM,32,0 GB,POWER2  77MHz,,0.0073 TFlop/s,0.00986 TFlop/s,"19,500",False,False,AIX,False,False,False,False,"3,500"
268,SP2 77 MHz wide,IBM,32,0 GB,POWER2  77MHz,,0.0073 TFlop/s,0.00986 TFlop/s,"19,500",False,False,AIX,False,False,False,False,"3,500"
269,ORIGIN 2000,HPE,24,0 GB,R10000  195MHz,Hypercube,0.00793 TFlop/s,0.00936 TFlop/s,"19,000",False,False,IRIX,False,False,False,False,"3,500"
270,SP2/35,IBM,35,0 GB,POWER2  66MHz,,0.00712 TFlop/s,0.00931 TFlop/s,False,False,False,AIX,False,False,False,False,False
271,SP2/35,IBM,35,0 GB,POWER2  66MHz,,0.00712 TFlop/s,0.00931 TFlop/s,False,False,False,AIX,False,False,False,False,False
272,SP2/35,IBM,35,0 GB,POWER2  66MHz,,0.00712 TFlop/s,0.00931 TFlop/s,False,False,False,AIX,False,False,False,False,False
273,SP2/35,IBM,35,0 GB,POWER2  66MHz,,0.00712 TFlop/s,0.00931 TFlop/s,False,False,False,AIX,False,False,False,False,False
274,SP2/35,IBM,35,0 GB,POWER2  66MHz,,0.00712 TFlop/s,0.00931 TFlop/s,False,False,False,AIX,False,False,False,False,False
275,S-3800/260,Hitachi,2,0 GB,Hitachi  500MHz,,0.0071 TFlop/s,0.008 TFlop/s,False,False,False,VOS3/HAP/ES (IBM MVS compatible) and OSF/1,False,False,False,False,False
276,Y-MP C98/8256,Cray/HPE,8,0 GB,Cray  238MHz,,0.00685 TFlop/s,0.00762 TFlop/s,False,False,False,UNICOS,False,False,False,False,False
277,Y-MP C98/8256,Cray/HPE,8,0 GB,Cray  238MHz,,0.00685 TFlop/s,0.00762 TFlop/s,False,False,False,UNICOS,False,False,False,False,False
278,Y-MP C98/8512,Cray/HPE,8,0 GB,Cray  238MHz,,0.00685 TFlop/s,0.00762 TFlop/s,False,False,False,UNICOS,False,False,False,False,False
279,Y-MP C916/8256,Cray/HPE,8,0 GB,Cray  238MHz,,0.00685 TFlop/s,0.00762 TFlop/s,False,False,False,UNICOS,False,False,False,False,False
280,Y-MP C916/8512,Cray/HPE,8,0 GB,Cray  238MHz,,0.00685 TFlop/s,0.00762 TFlop/s,False,False,False,UNICOS,False,False,False,False,False
281,Y-MP C98/8512,Cray/HPE,8,0 GB,Cray  238MHz,,0.00685 TFlop/s,0.00762 TFlop/s,False,False,False,UNICOS,False,False,False,False,False
282,Y-MP C98/81024,Cray/HPE,8,0 GB,Cray  238MHz,,0.00685 TFlop/s,0.00762 TFlop/s,False,False,False,UNICOS,False,False,False,False,False
283,Y-MP C98/8256,Cray/HPE,8,0 GB,Cray  238MHz,,0.00685 TFlop/s,0.00762 TFlop/s,False,False,False,UNICOS,False,False,False,False,False
284,Y-MP C916/8512,Cray/HPE,8,0 GB,Cray  238MHz,,0.00685 TFlop/s,0.00762 TFlop/s,False,False,False,UNICOS,False,False,False,False,False
285,Y-MP C916/8256,Cray/HPE,8,0 GB,Cray  238MHz,,0.00685 TFlop/s,0.00762 TFlop/s,False,False,False,UNICOS,False,False,False,False,False
286,Y-MP C98/8128,Cray/HPE,8,0 GB,Cray  238MHz,,0.00685 TFlop/s,0.00762 TFlop/s,False,False,False,UNICOS,False,False,False,False,False
287,POWER CHALLENGE 10000,HPE,24,0 GB,R10000  195MHz,,0.00682 TFlop/s,0.00936 TFlop/s,"15,000",False,False,IRIX,False,False,False,False,"3,500"
288,POWER CHALLarray 10000,HPE,24,0 GB,R10000  195MHz,,0.00682 TFlop/s,0.00936 TFlop/s,"15,000",False,False,IRIX,False,False,False,False,"3,500"
289,POWER CHALLENGE 10000,HPE,24,0 GB,R10000  195MHz,,0.00682 TFlop/s,0.00936 TFlop/s,"15,000",False,False,IRIX,False,False,False,False,"3,500"
290,POWER CHALLENGE 10000,HPE,24,0 GB,R10000  195MHz,,0.00682 TFlop/s,0.00936 TFlop/s,"15,000",False,False,IRIX,False,False,False,False,"3,500"
291,POWER CHALLENGE 10000,HPE,24,0 GB,R10000  195MHz,,0.00682 TFlop/s,0.00936 TFlop/s,"15,000",False,False,IRIX,False,False,False,False,"3,500"
292,POWER CHALLENGE 10000,HPE,24,0 GB,R10000  195MHz,,0.00682 TFlop/s,0.00936 TFlop/s,"15,000",False,False,IRIX,False,False,False,False,"3,500"
293,SP2/33,IBM,33,0 GB,POWER2  66MHz,,0.00675 TFlop/s,0.00878 TFlop/s,False,False,False,AIX,False,False,False,False,False
294,SP2/33,IBM,33,0 GB,POWER2  66MHz,,0.00675 TFlop/s,0.00878 TFlop/s,False,False,False,AIX,False,False,False,False,False
295,AlphaServer 8400 5/440,HP,12,0 GB,EV5  440MHz,Crossbar,0.00665 TFlop/s,0.01056 TFlop/s,False,False,False,Digital Unix,False,False,False,False,False
296,SP2/32,IBM,32,0 GB,POWER2  66MHz,,0.00657 TFlop/s,0.00851 TFlop/s,"28,000",False,False,AIX,False,False,False,False,"5,200"
297,SP2/32,IBM,32,0 GB,POWER2  66MHz,,0.00657 TFlop/s,0.00851 TFlop/s,"28,000",False,False,AIX,False,False,False,False,"5,200"
298,SP2/32,IBM,32,0 GB,POWER2  66MHz,,0.00657 TFlop/s,0.00851 TFlop/s,"28,000",False,False,AIX,False,False,False,False,"5,200"
299,SP2/32,IBM,32,0 GB,POWER2  66MHz,,0.00657 TFlop/s,0.00851 TFlop/s,"28,000",False,False,AIX,False,False,False,False,"5,200"
300,SP2/32,IBM,32,0 GB,POWER2  66MHz,,0.00657 TFlop/s,0.00851 TFlop/s,"28,000",False,False,AIX,False,False,False,False,"5,200"
301,SP2/32,IBM,32,0 GB,POWER2  66MHz,,0.00657 TFlop/s,0.00851 TFlop/s,"28,000",False,False,AIX,False,False,False,False,"5,200"
302,SP2/32,IBM,32,0 GB,POWER2  66MHz,,0.00657 TFlop/s,0.00851 TFlop/s,"28,000",False,False,AIX,False,False,False,False,"5,200"
303,SP2/32,IBM,32,0 GB,POWER2  66MHz,,0.00657 TFlop/s,0.00851 TFlop/s,"28,000",False,False,AIX,False,False,False,False,"5,200"
304,SP2/32,IBM,32,0 GB,POWER2  66MHz,,0.00657 TFlop/s,0.00851 TFlop/s,"28,000",False,False,AIX,False,False,False,False,"5,200"
305,VX/3,Fujitsu,3,0 GB,Fujitsu  137MHz,Full distributed crossbar,0.00645 TFlop/s,0.0066 TFlop/s,False,False,False,UXP/V,False,False,False,False,False
306,T3D MCA64-8,Cray/HPE,64,0 GB,EV4  149MHz,3-D Torus,0.0064 TFlop/s,0.0096 TFlop/s,"20,736",False,False,UNICOS,False,False,False,False,"2,368"
307,T3D MC64-2,Cray/HPE,64,0 GB,EV4  149MHz,3-D Torus,0.0064 TFlop/s,0.0096 TFlop/s,"20,736",False,False,UNICOS,False,False,False,False,"2,368"
308,T3D MCA64-8,Cray/HPE,64,0 GB,EV4  149MHz,3-D Torus,0.0064 TFlop/s,0.0096 TFlop/s,"20,736",False,False,UNICOS,False,False,False,False,"2,368"
309,T3D MCA64-8,Cray/HPE,64,0 GB,EV4  149MHz,3-D Torus,0.0064 TFlop/s,0.0096 TFlop/s,"20,736",False,False,UNICOS,False,False,False,False,"2,368"
310,T3D MCA64-8,Cray/HPE,64,0 GB,EV4  149MHz,3-D Torus,0.0064 TFlop/s,0.0096 TFlop/s,"20,736",False,False,UNICOS,False,False,False,False,"2,368"
311,T3D MCA64-8,Cray/HPE,64,0 GB,EV4  149MHz,3-D Torus,0.0064 TFlop/s,0.0096 TFlop/s,"20,736",False,False,UNICOS,False,False,False,False,"2,368"
312,SP2 77 MHz wide,IBM,28,0 GB,POWER2  77MHz,,0.0064 TFlop/s,0.00862 TFlop/s,False,False,False,AIX,False,False,False,False,False
313,SP2/31,IBM,31,0 GB,POWER2  66MHz,,0.00637 TFlop/s,0.00825 TFlop/s,False,False,False,AIX,False,False,False,False,False
314,T3E,Cray/HPE,16,0 GB,EV5  300MHz,3-D Torus,0.00713 TFlop/s,0.0096 TFlop/s,"14,976",False,False,UNICOS,False,False,False,False,"1,728"
315,T3E,Cray/HPE,16,0 GB,EV5  300MHz,3-D Torus,0.00713 TFlop/s,0.0096 TFlop/s,"14,976",False,False,UNICOS,False,False,False,False,"1,728"
316,T3E,Cray/HPE,16,0 GB,EV5  300MHz,3-D Torus,0.00713 TFlop/s,0.0096 TFlop/s,"14,976",False,False,UNICOS,False,False,False,False,"1,728"
317,T3E,Cray/HPE,16,0 GB,EV5  300MHz,3-D Torus,0.00713 TFlop/s,0.0096 TFlop/s,"14,976",False,False,UNICOS,False,False,False,False,"1,728"
318,T3E,Cray/HPE,16,0 GB,EV5  300MHz,3-D Torus,0.00713 TFlop/s,0.0096 TFlop/s,"14,976",False,False,UNICOS,False,False,False,False,"1,728"
319,T3E,Cray/HPE,16,0 GB,EV5  300MHz,3-D Torus,0.00713 TFlop/s,0.0096 TFlop/s,"14,976",False,False,UNICOS,False,False,False,False,"1,728"
320,T3E,Cray/HPE,16,0 GB,EV5  300MHz,3-D Torus,0.00713 TFlop/s,0.0096 TFlop/s,"14,976",False,False,UNICOS,False,False,False,False,"1,728"
321,XP/S15,Intel,208,0 GB,Intel 80860  50MHz,2-D mesh (torus),0.00625 TFlop/s,0.0104 TFlop/s,False,False,False,OSF/1,False,False,False,False,False
322,XP/S15,Intel,208,0 GB,Intel 80860  50MHz,2-D mesh (torus),0.00625 TFlop/s,0.0104 TFlop/s,False,False,False,OSF/1,False,False,False,False,False
323,SPP1000/XA-64,HP,64,0 GB,PA-7100  100MHz,Ring,0.00619 TFlop/s,0.0128 TFlop/s,"41,000",False,False,SPP-UX,False,False,False,False,"11,400"
324,SPP1000/XA-64,HP,64,0 GB,PA-7100  100MHz,Ring,0.00619 TFlop/s,0.0128 TFlop/s,"41,000",False,False,SPP-UX,False,False,False,False,"11,400"
325,SP2/30,IBM,30,0 GB,POWER2  66MHz,,0.00617 TFlop/s,0.00798 TFlop/s,False,False,False,AIX,False,False,False,False,False
326,SP2/30,IBM,30,0 GB,POWER2  66MHz,,0.00617 TFlop/s,0.00798 TFlop/s,False,False,False,AIX,False,False,False,False,False
327,SP2/30,IBM,30,0 GB,POWER2  66MHz,,0.00617 TFlop/s,0.00798 TFlop/s,False,False,False,AIX,False,False,False,False,False
328,SP2/30,IBM,30,0 GB,POWER2  66MHz,,0.00617 TFlop/s,0.00798 TFlop/s,False,False,False,AIX,False,False,False,False,False
329,SP2/30,IBM,30,0 GB,POWER2  66MHz,,0.00617 TFlop/s,0.00798 TFlop/s,False,False,False,AIX,False,False,False,False,False
330,SP2/30,IBM,30,0 GB,POWER2  66MHz,,0.00617 TFlop/s,0.00798 TFlop/s,False,False,False,AIX,False,False,False,False,False
331,SP2/30,IBM,30,0 GB,POWER2  66MHz,,0.00617 TFlop/s,0.00798 TFlop/s,False,False,False,AIX,False,False,False,False,False
332,SP2/30,IBM,30,0 GB,POWER2  66MHz,,0.00617 TFlop/s,0.00798 TFlop/s,False,False,False,AIX,False,False,False,False,False
333,SP2/30,IBM,30,0 GB,POWER2  66MHz,,0.00617 TFlop/s,0.00798 TFlop/s,False,False,False,AIX,False,False,False,False,False
334,SP2/30,IBM,30,0 GB,POWER2  66MHz,,0.00617 TFlop/s,0.00798 TFlop/s,False,False,False,AIX,False,False,False,False,False
335,POWER CHALLENGE 10000,HPE,28,0 GB,R10000  195MHz,,0.00612 TFlop/s,0.01092 TFlop/s,"15,000",False,False,IRIX,False,False,False,False,"3,100"
336,POWER CHALLENGE 10000,HPE,24,0 GB,R10000  195MHz,,0.00612 TFlop/s,0.00936 TFlop/s,"15,000",False,False,IRIX,False,False,False,False,"3,100"
337,POWER CHALLENGE 10000,HPE,24,0 GB,R10000  195MHz,,0.00612 TFlop/s,0.00936 TFlop/s,"15,000",False,False,IRIX,False,False,False,False,"3,100"
338,POWER CHALLENGE 10000,HPE,24,0 GB,R10000  195MHz,,0.00612 TFlop/s,0.00936 TFlop/s,"15,000",False,False,IRIX,False,False,False,False,"3,100"
339,POWER CHALLENGE 10000,HPE,24,0 GB,R10000  195MHz,,0.00612 TFlop/s,0.00936 TFlop/s,"15,000",False,False,IRIX,False,False,False,False,"3,100"
340,POWER CHALLENGE 10000,HPE,24,0 GB,R10000  195MHz,,0.00612 TFlop/s,0.00936 TFlop/s,"15,000",False,False,IRIX,False,False,False,False,"3,100"
341,POWER CHALLENGE 10000,HPE,24,0 GB,R10000  195MHz,,0.00612 TFlop/s,0.00936 TFlop/s,"15,000",False,False,IRIX,False,False,False,False,"3,100"
342,POWER CHALLENGE 10000,HPE,24,0 GB,R10000  195MHz,,0.00612 TFlop/s,0.00936 TFlop/s,"15,000",False,False,IRIX,False,False,False,False,"3,100"
343,POWER CHALLENGE 10000,HPE,24,0 GB,R10000  195MHz,,0.00612 TFlop/s,0.00936 TFlop/s,"15,000",False,False,IRIX,False,False,False,False,"3,100"
344,POWER CHALLENGE 10000,HPE,24,0 GB,R10000  195MHz,,0.00612 TFlop/s,0.00936 TFlop/s,"15,000",False,False,IRIX,False,False,False,False,"3,100"
345,POWER CHALLENGE 10000,HPE,24,0 GB,R10000  195MHz,,0.00612 TFlop/s,0.00936 TFlop/s,"15,000",False,False,IRIX,False,False,False,False,"3,100"
346,POWER CHALLENGE 10000,HPE,24,0 GB,R10000  195MHz,,0.00612 TFlop/s,0.00936 TFlop/s,"15,000",False,False,IRIX,False,False,False,False,"3,100"
347,POWER CHALLENGE 10000,HPE,24,0 GB,R10000  195MHz,,0.00612 TFlop/s,0.00936 TFlop/s,"15,000",False,False,IRIX,False,False,False,False,"3,100"
348,POWER CHALLENGE 10000,HPE,24,0 GB,R10000  195MHz,,0.00612 TFlop/s,0.00936 TFlop/s,"15,000",False,False,IRIX,False,False,False,False,"3,100"
349,POWER CHALLENGE 10000,HPE,24,0 GB,R10000  195MHz,,0.00612 TFlop/s,0.00936 TFlop/s,"15,000",False,False,IRIX,False,False,False,False,"3,100"
350,SP2/29,IBM,29,0 GB,POWER2  66MHz,,0.00597 TFlop/s,0.00771 TFlop/s,False,False,False,AIX,False,False,False,False,False
351,SP2/29,IBM,29,0 GB,POWER2  66MHz,,0.00597 TFlop/s,0.00771 TFlop/s,False,False,False,AIX,False,False,False,False,False
352,POWER CHALLENGE 10000,HPE,20,0 GB,R10000  195MHz,,0.00587 TFlop/s,0.0078 TFlop/s,"15,000",False,False,IRIX,False,False,False,False,"3,000"
353,POWER CHALLENGE 10000,HPE,20,0 GB,R10000  195MHz,,0.00587 TFlop/s,0.0078 TFlop/s,"15,000",False,False,IRIX,False,False,False,False,"3,000"
354,POWER CHALLENGE 10000,HPE,20,0 GB,R10000  195MHz,,0.00587 TFlop/s,0.0078 TFlop/s,"15,000",False,False,IRIX,False,False,False,False,"3,000"
355,POWER CHALLENGE 10000,HPE,20,0 GB,R10000  195MHz,,0.00587 TFlop/s,0.0078 TFlop/s,"15,000",False,False,IRIX,False,False,False,False,"3,000"
356,POWER CHALLENGE 10000,HPE,20,0 GB,R10000  195MHz,,0.00587 TFlop/s,0.0078 TFlop/s,"15,000",False,False,IRIX,False,False,False,False,"3,000"
357,POWER CHALLENGE 10000,HPE,20,0 GB,R10000  195MHz,,0.00587 TFlop/s,0.0078 TFlop/s,"15,000",False,False,IRIX,False,False,False,False,"3,000"
358,POWER CHALLENGE 10000,HPE,20,0 GB,R10000  195MHz,,0.00587 TFlop/s,0.0078 TFlop/s,"15,000",False,False,IRIX,False,False,False,False,"3,000"
359,POWER CHALLENGE 10000,HPE,20,0 GB,R10000  195MHz,,0.00587 TFlop/s,0.0078 TFlop/s,"15,000",False,False,IRIX,False,False,False,False,"3,000"
360,POWER CHALLENGE 10000,HPE,20,0 GB,R10000  195MHz,,0.00587 TFlop/s,0.0078 TFlop/s,"15,000",False,False,IRIX,False,False,False,False,"3,000"
361,POWER CHALLENGE 10000,HPE,20,0 GB,R10000  195MHz,,0.00587 TFlop/s,0.0078 TFlop/s,"15,000",False,False,IRIX,False,False,False,False,"3,000"
362,POWER CHALLENGE 10000,HPE,22,0 GB,R10000  195MHz,,0.00581 TFlop/s,0.00858 TFlop/s,"15,000",False,False,IRIX,False,False,False,False,"2,900"
363,XP/S14,Intel,192,0 GB,Intel 80860  50MHz,2-D mesh (torus),0.0058 TFlop/s,0.0096 TFlop/s,False,False,False,OSF/1,False,False,False,False,False
364,Y-MP J932/32-4096,Cray/HPE,32,0 GB,Cray  100MHz,,0.0058 TFlop/s,0.0064 TFlop/s,"10,000",False,False,UNICOS,False,False,False,False,550
365,Y-MP J932/32-8192,Cray/HPE,32,0 GB,Cray  100MHz,,0.0058 TFlop/s,0.0064 TFlop/s,"10,000",False,False,UNICOS,False,False,False,False,550
366,Y-MP J932/32-8192,Cray/HPE,32,0 GB,Cray  100MHz,,0.0058 TFlop/s,0.0064 TFlop/s,"10,000",False,False,UNICOS,False,False,False,False,550
367,Y-MP J932/32-8192,Cray/HPE,32,0 GB,Cray  100MHz,,0.0058 TFlop/s,0.0064 TFlop/s,"10,000",False,False,UNICOS,False,False,False,False,550
368,Y-MP J932/32-8192,Cray/HPE,32,0 GB,Cray  100MHz,,0.0058 TFlop/s,0.0064 TFlop/s,"10,000",False,False,UNICOS,False,False,False,False,550
369,SX-3/41R,NEC,4,0 GB,NEC  400MHz,Multi-stage crossbar,0.0058 TFlop/s,0.0064 TFlop/s,"3,584",False,False,Super-UX,False,False,False,False,414
370,Y-MP J932/32-8192,Cray/HPE,32,0 GB,Cray  100MHz,,0.0058 TFlop/s,0.0064 TFlop/s,"10,000",False,False,UNICOS,False,False,False,False,550
371,Y-MP J932/32-8192,Cray/HPE,32,0 GB,Cray  100MHz,,0.0058 TFlop/s,0.0064 TFlop/s,"10,000",False,False,UNICOS,False,False,False,False,550
372,Y-MP J932/32-4096,Cray/HPE,32,0 GB,Cray  100MHz,,0.0058 TFlop/s,0.0064 TFlop/s,"10,000",False,False,UNICOS,False,False,False,False,550
373,Y-MP J932/32-4096,Cray/HPE,32,0 GB,Cray  100MHz,,0.0058 TFlop/s,0.0064 TFlop/s,"10,000",False,False,UNICOS,False,False,False,False,550
374,Y-MP J932/32-4096,Cray/HPE,32,0 GB,Cray  100MHz,,0.0058 TFlop/s,0.0064 TFlop/s,"10,000",False,False,UNICOS,False,False,False,False,550
375,SX-3/14R,NEC,1,0 GB,NEC  400MHz,,0.0058 TFlop/s,0.0064 TFlop/s,"2,816",False,False,Super-UX,False,False,False,False,282
376,Y-MP J932/32-4096,Cray/HPE,32,0 GB,Cray  100MHz,,0.0058 TFlop/s,0.0064 TFlop/s,"10,000",False,False,UNICOS,False,False,False,False,550
377,SP2/28,IBM,28,0 GB,POWER2  66MHz,,0.00578 TFlop/s,0.00745 TFlop/s,False,False,False,AIX,False,False,False,False,False
378,SP2/28,IBM,28,0 GB,POWER2  66MHz,,0.00578 TFlop/s,0.00745 TFlop/s,False,False,False,AIX,False,False,False,False,False
379,SP2/28,IBM,28,0 GB,POWER2  66MHz,,0.00578 TFlop/s,0.00745 TFlop/s,False,False,False,AIX,False,False,False,False,False
380,SP2/28,IBM,28,0 GB,POWER2  66MHz,,0.00578 TFlop/s,0.00745 TFlop/s,False,False,False,AIX,False,False,False,False,False
381,SP2/28,IBM,28,0 GB,POWER2  66MHz,,0.00578 TFlop/s,0.00745 TFlop/s,False,False,False,AIX,False,False,False,False,False
382,SP2/28,IBM,28,0 GB,POWER2  66MHz,,0.00578 TFlop/s,0.00745 TFlop/s,False,False,False,AIX,False,False,False,False,False
383,SPP1200/XA-48,HP,48,0 GB,PA-7200  120MHz,Ring,0.00574 TFlop/s,0.01152 TFlop/s,"34,000",False,False,SPP-UX,False,False,False,False,False
384,T94/4128,Cray/HPE,4,0 GB,Cray  450MHz,,0.00617 TFlop/s,0.0072 TFlop/s,False,False,False,UNICOS,False,False,False,False,False
385,T94/4128,Cray/HPE,4,0 GB,Cray  450MHz,,0.00617 TFlop/s,0.0072 TFlop/s,False,False,False,UNICOS,False,False,False,False,False
386,T94/4128,Cray/HPE,4,0 GB,Cray  450MHz,,0.00617 TFlop/s,0.0072 TFlop/s,False,False,False,UNICOS,False,False,False,False,False
387,T94/4128,Cray/HPE,4,0 GB,Cray  450MHz,,0.00617 TFlop/s,0.0072 TFlop/s,False,False,False,UNICOS,False,False,False,False,False
388,T94/4128,Cray/HPE,4,0 GB,Cray  450MHz,,0.00617 TFlop/s,0.0072 TFlop/s,False,False,False,UNICOS,False,False,False,False,False
389,T94/4128,Cray/HPE,4,0 GB,Cray  450MHz,,0.00617 TFlop/s,0.0072 TFlop/s,False,False,False,UNICOS,False,False,False,False,False
390,T94/4128,Cray/HPE,4,0 GB,Cray  450MHz,,0.00617 TFlop/s,0.0072 TFlop/s,False,False,False,UNICOS,False,False,False,False,False
391,T94/4128,Cray/HPE,4,0 GB,Cray  450MHz,,0.00617 TFlop/s,0.0072 TFlop/s,False,False,False,UNICOS,False,False,False,False,False
392,T94/4128,Cray/HPE,4,0 GB,Cray  450MHz,,0.00617 TFlop/s,0.0072 TFlop/s,False,False,False,UNICOS,False,False,False,False,False
393,T916/4256,Cray/HPE,4,0 GB,Cray  450MHz,,0.00617 TFlop/s,0.0072 TFlop/s,False,False,False,UNICOS,False,False,False,False,False
394,T916/4256,Cray/HPE,4,0 GB,Cray  450MHz,,0.00617 TFlop/s,0.0072 TFlop/s,False,False,False,UNICOS,False,False,False,False,False
395,T94/464,Cray/HPE,4,0 GB,Cray  450MHz,,0.00617 TFlop/s,0.0072 TFlop/s,False,False,False,UNICOS,False,False,False,False,False
396,CM-5/96,TMC,96,0 GB,SuperSPARC I  32MHz,"Hypercube, tree",0.0057 TFlop/s,0.01229 TFlop/s,False,False,False,CMOST,False,False,False,False,False
397,CM-5/96,TMC,96,0 GB,SuperSPARC I  32MHz,"Hypercube, tree",0.0057 TFlop/s,0.01229 TFlop/s,False,False,False,CMOST,False,False,False,False,False
398,POWER CHALLENGEarray,HPE,24,0 GB,R8000  90MHz,,0.00565 TFlop/s,0.00864 TFlop/s,False,False,False,IRIX,False,False,False,False,False
399,POWER CHALLENGEarray,HPE,24,0 GB,R8000  90MHz,,0.00565 TFlop/s,0.00864 TFlop/s,False,False,False,IRIX,False,False,False,False,False
400,VPP500/4,Fujitsu,4,0 GB,Fujitsu  100MHz,Full distributed crossbar,0.0061 TFlop/s,0.0064 TFlop/s,"10,560",False,False,UXP/V,False,False,False,False,"1,390"
401,VPP500/4,Fujitsu,4,0 GB,Fujitsu  100MHz,Full distributed crossbar,0.0061 TFlop/s,0.0064 TFlop/s,"10,560",False,False,UXP/V,False,False,False,False,"1,390"
402,VPP500/4,Fujitsu,4,0 GB,Fujitsu  100MHz,Full distributed crossbar,0.0061 TFlop/s,0.0064 TFlop/s,"10,560",False,False,UXP/V,False,False,False,False,"1,390"
403,SP2/27,IBM,27,0 GB,POWER2  66MHz,,0.00558 TFlop/s,0.00718 TFlop/s,False,False,False,AIX,False,False,False,False,False
404,AlphaServer 8400 5/440,HP,10,0 GB,EV5  440MHz,Crossbar,0.00554 TFlop/s,0.0088 TFlop/s,False,False,False,Digital Unix,False,False,False,False,False
405,SP2 77 MHz wide,IBM,24,0 GB,POWER2  77MHz,,0.0055 TFlop/s,0.00739 TFlop/s,False,False,False,AIX,False,False,False,False,False
406,SPP1600/XA-32,HP,32,0 GB,PA-7200  120MHz,Ring,0.00545 TFlop/s,0.00768 TFlop/s,"27,000",False,False,SPP-UX,False,False,False,False,"4,500"
407,SPP1600/XA-32,HP,32,0 GB,PA-7200  120MHz,Ring,0.00545 TFlop/s,0.00768 TFlop/s,"27,000",False,False,SPP-UX,False,False,False,False,"4,500"
408,SPP1600/XA-32,HP,32,0 GB,PA-7200  120MHz,Ring,0.00545 TFlop/s,0.00768 TFlop/s,"27,000",False,False,SPP-UX,False,False,False,False,"4,500"
409,SPP1600/XA-32,HP,32,0 GB,PA-7200  120MHz,Ring,0.00545 TFlop/s,0.00768 TFlop/s,"27,000",False,False,SPP-UX,False,False,False,False,"4,500"
410,SPP1600/XA-32,HP,32,0 GB,PA-7200  120MHz,Ring,0.00545 TFlop/s,0.00768 TFlop/s,"27,000",False,False,SPP-UX,False,False,False,False,"4,500"
411,SPP1600/XA-32,HP,32,0 GB,PA-7200  120MHz,Ring,0.00545 TFlop/s,0.00768 TFlop/s,"27,000",False,False,SPP-UX,False,False,False,False,"4,500"
412,POWER CHALLENGE 10000,HPE,20,0 GB,R10000  195MHz,,0.00543 TFlop/s,0.0078 TFlop/s,"15,000",False,False,IRIX,False,False,False,False,"2,600"
413,POWER CHALLENGE 10000,HPE,20,0 GB,R10000  195MHz,,0.00543 TFlop/s,0.0078 TFlop/s,"15,000",False,False,IRIX,False,False,False,False,"2,600"
414,POWER CHALLENGE 10000,HPE,20,0 GB,R10000  195MHz,,0.00543 TFlop/s,0.0078 TFlop/s,"15,000",False,False,IRIX,False,False,False,False,"2,600"
415,POWER CHALLENGE 10000,HPE,20,0 GB,R10000  195MHz,,0.00543 TFlop/s,0.0078 TFlop/s,"15,000",False,False,IRIX,False,False,False,False,"2,600"
416,POWER Onyx 10000,HPE,20,0 GB,R10000  195MHz,,0.00543 TFlop/s,0.0078 TFlop/s,"15,000",False,False,IRIX,False,False,False,False,"2,600"
417,POWER CHALLENGE 10000,HPE,20,0 GB,R10000  195MHz,,0.00543 TFlop/s,0.0078 TFlop/s,"15,000",False,False,IRIX,False,False,False,False,"2,600"
418,SP2/26,IBM,26,0 GB,POWER2  66MHz,,0.00538 TFlop/s,0.00692 TFlop/s,False,False,False,AIX,False,False,False,False,False
419,SP2/26,IBM,26,0 GB,POWER2  66MHz,,0.00538 TFlop/s,0.00692 TFlop/s,False,False,False,AIX,False,False,False,False,False
420,SP2/26,IBM,26,0 GB,POWER2  66MHz,,0.00538 TFlop/s,0.00692 TFlop/s,False,False,False,AIX,False,False,False,False,False
421,SP2/26,IBM,26,0 GB,POWER2  66MHz,,0.00538 TFlop/s,0.00692 TFlop/s,False,False,False,AIX,False,False,False,False,False
422,SP2/26,IBM,26,0 GB,POWER2  66MHz,,0.00538 TFlop/s,0.00692 TFlop/s,False,False,False,AIX,False,False,False,False,False
423,SP2/26,IBM,26,0 GB,POWER2  66MHz,,0.00538 TFlop/s,0.00692 TFlop/s,False,False,False,AIX,False,False,False,False,False
424,SP2/26,IBM,26,0 GB,POWER2  66MHz,,0.00538 TFlop/s,0.00692 TFlop/s,False,False,False,AIX,False,False,False,False,False
425,SP2/26,IBM,26,0 GB,POWER2  66MHz,,0.00538 TFlop/s,0.00692 TFlop/s,False,False,False,AIX,False,False,False,False,False
426,GC PowerPlus/128,Parsytec,128,0 GB,PowerPC 601  80MHz,,0.00525 TFlop/s,0.01024 TFlop/s,"22,000",False,False,PARIX,False,False,False,False,"7,800"
427,GC PowerPlus/128,Parsytec,128,0 GB,PowerPC 601  80MHz,,0.00525 TFlop/s,0.01024 TFlop/s,"22,000",False,False,PARIX,False,False,False,False,"7,800"
428,GC PowerPlus/128,Parsytec,128,0 GB,PowerPC 601  80MHz,,0.00525 TFlop/s,0.01024 TFlop/s,"22,000",False,False,PARIX,False,False,False,False,"7,800"
429,GC PowerPlus/128,Parsytec,128,0 GB,PowerPC 601  80MHz,,0.00525 TFlop/s,0.01024 TFlop/s,"22,000",False,False,PARIX,False,False,False,False,"7,800"
430,CM-2/64k,TMC,"2,048",0 GB,TMC CM2  7MHz,,0.0052 TFlop/s,0.014 TFlop/s,"26,624",False,False,CMOST,False,False,False,False,"11,000"
431,CM-2/64k,TMC,"2,048",0 GB,TMC CM2  7MHz,,0.0052 TFlop/s,0.014 TFlop/s,"26,624",False,False,CMOST,False,False,False,False,"11,000"
432,SP2/25,IBM,25,0 GB,POWER2  66MHz,,0.00518 TFlop/s,0.00665 TFlop/s,False,False,False,AIX,False,False,False,False,False
433,SP2/25,IBM,25,0 GB,POWER2  66MHz,,0.00518 TFlop/s,0.00665 TFlop/s,False,False,False,AIX,False,False,False,False,False
434,Y-MP J932/28-2048,Cray/HPE,28,0 GB,Cray  100MHz,,0.00508 TFlop/s,0.0056 TFlop/s,False,False,False,UNICOS,False,False,False,False,False
435,AlphaServer 8400 5/350,HP,10,0 GB,EV5  349MHz,Crossbar,0.00507 TFlop/s,0.007 TFlop/s,"9,540",False,False,Digital Unix,False,False,False,False,"3,010"
436,AlphaServer 8400 5/350,HP,10,0 GB,EV5  349MHz,Crossbar,0.00507 TFlop/s,0.007 TFlop/s,"9,540",False,False,Digital Unix,False,False,False,False,"3,010"
437,CS-2/224,Meiko,224,0 GB,SuperSPARC I  40MHz,Multi-stage crossbar,0.005 TFlop/s,0.04032 TFlop/s,"18,688",False,False,SunOS,False,False,False,False,"6,144"
438,CS-2/128,Meiko,128,0 GB,SuperSPARC I  40MHz,Multi-stage crossbar,0.005 TFlop/s,0.02304 TFlop/s,"18,688",False,False,SunOS,False,False,False,False,"6,144"
439,CS-2/128,Meiko,128,0 GB,SuperSPARC I  40MHz,Multi-stage crossbar,0.005 TFlop/s,0.02304 TFlop/s,"18,688",False,False,SunOS,False,False,False,False,"6,144"
440,CS-2/64,Meiko,64,0 GB,SuperSPARC I  40MHz,Multi-stage crossbar,0.005 TFlop/s,0.01152 TFlop/s,"18,688",False,False,SunOS,False,False,False,False,"6,144"
441,CM-200/32k,TMC,"1,024",0 GB,TMC CM2  10MHz,,0.005 TFlop/s,0.01 TFlop/s,"21,504",False,False,CMOST,False,False,False,False,"8,192"
442,CM-200/32k,TMC,"1,024",0 GB,TMC CM2  10MHz,,0.005 TFlop/s,0.01 TFlop/s,"21,504",False,False,CMOST,False,False,False,False,"8,192"
443,CM-200/32k,TMC,"1,024",0 GB,TMC CM2  10MHz,,0.005 TFlop/s,0.01 TFlop/s,"21,504",False,False,CMOST,False,False,False,False,"8,192"
444,AlphaServer 8400 5/300,HP,12,0 GB,EV5  300MHz,Crossbar,0.005 TFlop/s,0.0072 TFlop/s,"9,548",False,False,Digital Unix,False,False,False,False,"1,148"
445,AlphaServer 8400 5/300,HP,12,0 GB,EV5  300MHz,Crossbar,0.005 TFlop/s,0.0072 TFlop/s,"9,548",False,False,Digital Unix,False,False,False,False,"1,148"
446,SX-3/22,NEC,2,0 GB,NEC  343MHz,Multi-stage crossbar,0.005 TFlop/s,0.0055 TFlop/s,"3,072",False,False,Super-UX,False,False,False,False,384
447,SX-3/14,NEC,1,0 GB,NEC  343MHz,,0.005 TFlop/s,0.0055 TFlop/s,"3,072",False,False,Super-UX,False,False,False,False,384
448,SP2/24,IBM,24,0 GB,POWER2  66MHz,,0.00499 TFlop/s,0.00638 TFlop/s,False,False,False,AIX,False,False,False,False,False
449,SP2/24,IBM,24,0 GB,POWER2  66MHz,,0.00499 TFlop/s,0.00638 TFlop/s,False,False,False,AIX,False,False,False,False,False
450,SP2/24,IBM,24,0 GB,POWER2  66MHz,,0.00499 TFlop/s,0.00638 TFlop/s,False,False,False,AIX,False,False,False,False,False
451,SP2/24,IBM,24,0 GB,POWER2  66MHz,,0.00499 TFlop/s,0.00638 TFlop/s,False,False,False,AIX,False,False,False,False,False
452,SP2/24,IBM,24,0 GB,POWER2  66MHz,,0.00499 TFlop/s,0.00638 TFlop/s,False,False,False,AIX,False,False,False,False,False
453,SP2/24,IBM,24,0 GB,POWER2  66MHz,,0.00499 TFlop/s,0.00638 TFlop/s,False,False,False,AIX,False,False,False,False,False
454,SP2/24,IBM,24,0 GB,POWER2  66MHz,,0.00499 TFlop/s,0.00638 TFlop/s,False,False,False,AIX,False,False,False,False,False
455,SP2/24,IBM,24,0 GB,POWER2  66MHz,,0.00499 TFlop/s,0.00638 TFlop/s,False,False,False,AIX,False,False,False,False,False
456,SP2/24,IBM,24,0 GB,POWER2  66MHz,,0.00499 TFlop/s,0.00638 TFlop/s,False,False,False,AIX,False,False,False,False,False
457,SP2/24,IBM,24,0 GB,POWER2  66MHz,,0.00499 TFlop/s,0.00638 TFlop/s,False,False,False,AIX,False,False,False,False,False
458,ORIGIN 2000,HPE,16,0 GB,R10000  195MHz,Hypercube,0.0053 TFlop/s,0.00624 TFlop/s,"16,000",False,False,IRIX,False,False,False,False,"1,000"
459,ORIGIN 2000,HPE,16,0 GB,R10000  195MHz,Hypercube,0.0053 TFlop/s,0.00624 TFlop/s,"16,000",False,False,IRIX,False,False,False,False,"1,000"
460,POWER CHALLENGEarray,HPE,24,0 GB,R8000  75MHz,HIPPI,0.0049 TFlop/s,0.0072 TFlop/s,"18,000",False,False,IRIX,False,False,False,False,"3,500"
461,POWER CHALLENGEarray,HPE,24,0 GB,R8000  75MHz,HIPPI,0.0049 TFlop/s,0.0072 TFlop/s,"18,000",False,False,IRIX,False,False,False,False,"3,500"
462,POWER CHALLENGE 10000,HPE,16,0 GB,R10000  195MHz,,0.00486 TFlop/s,0.00624 TFlop/s,"15,000",False,False,IRIX,False,False,False,False,"2,500"
463,POWER CHALLENGE 10000,HPE,16,0 GB,R10000  195MHz,,0.00486 TFlop/s,0.00624 TFlop/s,"15,000",False,False,IRIX,False,False,False,False,"2,500"
464,POWER CHALLENGE 10000,HPE,16,0 GB,R10000  195MHz,,0.00486 TFlop/s,0.00624 TFlop/s,"15,000",False,False,IRIX,False,False,False,False,"2,500"
465,POWER CHALLENGE 10000,HPE,16,0 GB,R10000  195MHz,,0.00486 TFlop/s,0.00624 TFlop/s,"15,000",False,False,IRIX,False,False,False,False,"2,500"
466,POWER CHALLENGE 10000,HPE,16,0 GB,R10000  195MHz,,0.00486 TFlop/s,0.00624 TFlop/s,"15,000",False,False,IRIX,False,False,False,False,"2,500"
467,POWER CHALLENGE 10000,HPE,16,0 GB,R10000  195MHz,,0.00486 TFlop/s,0.00624 TFlop/s,"15,000",False,False,IRIX,False,False,False,False,"2,500"
468,POWER CHALLENGE 10000,HPE,16,0 GB,R10000  195MHz,,0.00486 TFlop/s,0.00624 TFlop/s,"15,000",False,False,IRIX,False,False,False,False,"2,500"
469,POWER CHALLENGE 10000,HPE,16,0 GB,R10000  195MHz,,0.00486 TFlop/s,0.00624 TFlop/s,"15,000",False,False,IRIX,False,False,False,False,"2,500"
470,POWER CHALLENGE 10000,HPE,16,0 GB,R10000  195MHz,,0.00486 TFlop/s,0.00624 TFlop/s,"15,000",False,False,IRIX,False,False,False,False,"2,500"
471,POWER CHALLENGE 10000,HPE,16,0 GB,R10000  195MHz,,0.00486 TFlop/s,0.00624 TFlop/s,"15,000",False,False,IRIX,False,False,False,False,"2,500"
472,POWER CHALLENGE 10000,HPE,16,0 GB,R10000  195MHz,,0.00486 TFlop/s,0.00624 TFlop/s,"15,000",False,False,IRIX,False,False,False,False,"2,500"
473,POWER CHALLENGE 10000,HPE,16,0 GB,R10000  195MHz,,0.00486 TFlop/s,0.00624 TFlop/s,"15,000",False,False,IRIX,False,False,False,False,"2,500"
474,POWER CHALLENGE 10000,HPE,16,0 GB,R10000  195MHz,,0.00486 TFlop/s,0.00624 TFlop/s,"15,000",False,False,IRIX,False,False,False,False,"2,500"
475,POWER CHALLENGE 10000,HPE,16,0 GB,R10000  195MHz,,0.00486 TFlop/s,0.00624 TFlop/s,"15,000",False,False,IRIX,False,False,False,False,"2,500"
476,POWER CHALLENGE 10000,HPE,16,0 GB,R10000  195MHz,,0.00486 TFlop/s,0.00624 TFlop/s,"15,000",False,False,IRIX,False,False,False,False,"2,500"
477,POWER CHALLENGE 10000,HPE,16,0 GB,R10000  195MHz,,0.00486 TFlop/s,0.00624 TFlop/s,"15,000",False,False,IRIX,False,False,False,False,"2,500"
478,POWER CHALLENGE 10000,HPE,16,0 GB,R10000  195MHz,,0.00486 TFlop/s,0.00624 TFlop/s,"15,000",False,False,IRIX,False,False,False,False,"2,500"
479,POWER CHALLENGE 10000,HPE,16,0 GB,R10000  195MHz,,0.00486 TFlop/s,0.00624 TFlop/s,"15,000",False,False,IRIX,False,False,False,False,"2,500"
480,POWER CHALLENGE 10000,HPE,16,0 GB,R10000  195MHz,,0.00486 TFlop/s,0.00624 TFlop/s,"15,000",False,False,IRIX,False,False,False,False,"2,500"
481,POWER CHALLENGE 10000,HPE,16,0 GB,R10000  195MHz,,0.00486 TFlop/s,0.00624 TFlop/s,"15,000",False,False,IRIX,False,False,False,False,"2,500"
482,POWER CHALLENGE 10000,HPE,16,0 GB,R10000  195MHz,,0.00486 TFlop/s,0.00624 TFlop/s,"15,000",False,False,IRIX,False,False,False,False,"2,500"
483,POWER CHALLENGE 10000,HPE,16,0 GB,R10000  195MHz,,0.00486 TFlop/s,0.00624 TFlop/s,"15,000",False,False,IRIX,False,False,False,False,"2,500"
484,9076-005 SP1,IBM,128,0 GB,POWER1  62MHz,,0.0048 TFlop/s,0.016 TFlop/s,"26,000",False,False,AIX,False,False,False,False,"6,000"
485,SPP1000/XA-48,HP,48,0 GB,PA-7100  100MHz,Ring,0.0048 TFlop/s,0.0096 TFlop/s,False,False,False,SPP-UX,False,False,False,False,False
486,SP2/23,IBM,23,0 GB,POWER2  66MHz,,0.00479 TFlop/s,0.00612 TFlop/s,False,False,False,AIX,False,False,False,False,False
487,SP2/23,IBM,23,0 GB,POWER2  66MHz,,0.00479 TFlop/s,0.00612 TFlop/s,False,False,False,AIX,False,False,False,False,False
488,SP2/23,IBM,23,0 GB,POWER2  66MHz,,0.00479 TFlop/s,0.00612 TFlop/s,False,False,False,AIX,False,False,False,False,False
489,SP2/23,IBM,23,0 GB,POWER2  66MHz,,0.00479 TFlop/s,0.00612 TFlop/s,False,False,False,AIX,False,False,False,False,False
490,KSR2-80,KSR,80,0 GB,KSR  40MHz,,0.00477 TFlop/s,0.0064 TFlop/s,False,False,False,KSR OS,False,False,False,False,False
491,POWER CHALLENGEarray,HPE,20,0 GB,R8000  90MHz,,0.00471 TFlop/s,0.0072 TFlop/s,False,False,False,IRIX,False,False,False,False,False
492,POWER CHALLENGEarray,HPE,20,0 GB,R8000  90MHz,,0.00471 TFlop/s,0.0072 TFlop/s,False,False,False,IRIX,False,False,False,False,False
493,Y-MP C98/6256,Cray/HPE,6,0 GB,Cray  238MHz,,0.00463 TFlop/s,0.00571 TFlop/s,False,False,False,UNICOS,False,False,False,False,False
494,Y-MP C98/6256,Cray/HPE,6,0 GB,Cray  238MHz,,0.00463 TFlop/s,0.00571 TFlop/s,False,False,False,UNICOS,False,False,False,False,False
495,POWER CHALLENGE,HPE,18,0 GB,R8000  90MHz,,0.00462 TFlop/s,0.00648 TFlop/s,"2,500",False,False,IRIX,False,False,False,False,540
496,POWER CHALLENGE,HPE,18,0 GB,R8000  90MHz,,0.00462 TFlop/s,0.00648 TFlop/s,"2,500",False,False,IRIX,False,False,False,False,540
497,POWER CHALLENGE,HPE,18,0 GB,R8000  90MHz,,0.00462 TFlop/s,0.00648 TFlop/s,"2,500",False,False,IRIX,False,False,False,False,540
498,POWER CHALLENGE,HPE,18,0 GB,R8000  90MHz,,0.00462 TFlop/s,0.00648 TFlop/s,"2,500",False,False,IRIX,False,False,False,False,540
499,False,False,False,False,False,False,False,False,False,False,False,False,False,False,False,False,False
